/*--------------------------------*- C++ -*----------------------------------*\
  =========                 |
  \\      /  F ield         | OpenFOAM: The Open Source CFD Toolbox
   \\    /   O peration     | Website:  https://openfoam.org
    \\  /    A nd           | Version:  8.x
     \\/     M anipulation  |
\*---------------------------------------------------------------------------*/
FoamFile
{
    version     2.0;
    format      ascii;
    class       faceList;
    location    "constant/polyMesh";
    object      faces;
}
// * * * * * * * * * * * * * * * * * * * * * * * * * * * * * * * * * * * * * //


6420
(
4(1 21 62 42)
3(41 42 62)
4(2 22 63 43)
4(42 43 63 62)
4(3 23 64 44)
4(43 44 64 63)
4(4 24 65 45)
4(44 45 65 64)
4(5 25 66 46)
4(45 46 66 65)
4(6 26 67 47)
4(46 47 67 66)
4(7 27 68 48)
4(47 48 68 67)
4(8 28 69 49)
4(48 49 69 68)
4(9 29 70 50)
4(49 50 70 69)
4(10 30 71 51)
4(50 51 71 70)
4(11 31 72 52)
4(51 52 72 71)
4(12 32 73 53)
4(52 53 73 72)
4(13 33 74 54)
4(53 54 74 73)
4(14 34 75 55)
4(54 55 75 74)
4(15 35 76 56)
4(55 56 76 75)
4(16 36 77 57)
4(56 57 77 76)
4(17 37 78 58)
4(57 58 78 77)
4(18 38 79 59)
4(58 59 79 78)
4(19 39 80 60)
4(59 60 80 79)
4(60 61 81 80)
4(42 62 103 83)
3(82 83 103)
4(43 63 104 84)
4(83 84 104 103)
4(44 64 105 85)
4(84 85 105 104)
4(45 65 106 86)
4(85 86 106 105)
4(46 66 107 87)
4(86 87 107 106)
4(47 67 108 88)
4(87 88 108 107)
4(48 68 109 89)
4(88 89 109 108)
4(49 69 110 90)
4(89 90 110 109)
4(50 70 111 91)
4(90 91 111 110)
4(51 71 112 92)
4(91 92 112 111)
4(52 72 113 93)
4(92 93 113 112)
4(53 73 114 94)
4(93 94 114 113)
4(54 74 115 95)
4(94 95 115 114)
4(55 75 116 96)
4(95 96 116 115)
4(56 76 117 97)
4(96 97 117 116)
4(57 77 118 98)
4(97 98 118 117)
4(58 78 119 99)
4(98 99 119 118)
4(59 79 120 100)
4(99 100 120 119)
4(60 80 121 101)
4(100 101 121 120)
4(101 102 122 121)
4(83 103 144 124)
3(123 124 144)
4(84 104 145 125)
4(124 125 145 144)
4(85 105 146 126)
4(125 126 146 145)
4(86 106 147 127)
4(126 127 147 146)
4(87 107 148 128)
4(127 128 148 147)
4(88 108 149 129)
4(128 129 149 148)
4(89 109 150 130)
4(129 130 150 149)
4(90 110 151 131)
4(130 131 151 150)
4(91 111 152 132)
4(131 132 152 151)
4(92 112 153 133)
4(132 133 153 152)
4(93 113 154 134)
4(133 134 154 153)
4(94 114 155 135)
4(134 135 155 154)
4(95 115 156 136)
4(135 136 156 155)
4(96 116 157 137)
4(136 137 157 156)
4(97 117 158 138)
4(137 138 158 157)
4(98 118 159 139)
4(138 139 159 158)
4(99 119 160 140)
4(139 140 160 159)
4(100 120 161 141)
4(140 141 161 160)
4(101 121 162 142)
4(141 142 162 161)
4(142 143 163 162)
4(124 144 185 165)
3(164 165 185)
4(125 145 186 166)
4(165 166 186 185)
4(126 146 187 167)
4(166 167 187 186)
4(127 147 188 168)
4(167 168 188 187)
4(128 148 189 169)
4(168 169 189 188)
4(129 149 190 170)
4(169 170 190 189)
4(130 150 191 171)
4(170 171 191 190)
4(131 151 192 172)
4(171 172 192 191)
4(132 152 193 173)
4(172 173 193 192)
4(133 153 194 174)
4(173 174 194 193)
4(134 154 195 175)
4(174 175 195 194)
4(135 155 196 176)
4(175 176 196 195)
4(136 156 197 177)
4(176 177 197 196)
4(137 157 198 178)
4(177 178 198 197)
4(138 158 199 179)
4(178 179 199 198)
4(139 159 200 180)
4(179 180 200 199)
4(140 160 201 181)
4(180 181 201 200)
4(141 161 202 182)
4(181 182 202 201)
4(142 162 203 183)
4(182 183 203 202)
4(183 184 204 203)
4(165 185 226 206)
3(205 206 226)
4(166 186 227 207)
4(206 207 227 226)
4(167 187 228 208)
4(207 208 228 227)
4(168 188 229 209)
4(208 209 229 228)
4(169 189 230 210)
4(209 210 230 229)
4(170 190 231 211)
4(210 211 231 230)
4(171 191 232 212)
4(211 212 232 231)
4(172 192 233 213)
4(212 213 233 232)
4(173 193 234 214)
4(213 214 234 233)
4(174 194 235 215)
4(214 215 235 234)
4(175 195 236 216)
4(215 216 236 235)
4(176 196 237 217)
4(216 217 237 236)
4(177 197 238 218)
4(217 218 238 237)
4(178 198 239 219)
4(218 219 239 238)
4(179 199 240 220)
4(219 220 240 239)
4(180 200 241 221)
4(220 221 241 240)
4(181 201 242 222)
4(221 222 242 241)
4(182 202 243 223)
4(222 223 243 242)
4(183 203 244 224)
4(223 224 244 243)
4(224 225 245 244)
4(206 226 267 247)
3(246 247 267)
4(207 227 268 248)
4(247 248 268 267)
4(208 228 269 249)
4(248 249 269 268)
4(209 229 270 250)
4(249 250 270 269)
4(210 230 271 251)
4(250 251 271 270)
4(211 231 272 252)
4(251 252 272 271)
4(212 232 273 253)
4(252 253 273 272)
4(213 233 274 254)
4(253 254 274 273)
4(214 234 275 255)
4(254 255 275 274)
4(215 235 276 256)
4(255 256 276 275)
4(216 236 277 257)
4(256 257 277 276)
4(217 237 278 258)
4(257 258 278 277)
4(218 238 279 259)
4(258 259 279 278)
4(219 239 280 260)
4(259 260 280 279)
4(220 240 281 261)
4(260 261 281 280)
4(221 241 282 262)
4(261 262 282 281)
4(222 242 283 263)
4(262 263 283 282)
4(223 243 284 264)
4(263 264 284 283)
4(224 244 285 265)
4(264 265 285 284)
4(265 266 286 285)
4(247 267 308 288)
3(287 288 308)
4(248 268 309 289)
4(288 289 309 308)
4(249 269 310 290)
4(289 290 310 309)
4(250 270 311 291)
4(290 291 311 310)
4(251 271 312 292)
4(291 292 312 311)
4(252 272 313 293)
4(292 293 313 312)
4(253 273 314 294)
4(293 294 314 313)
4(254 274 315 295)
4(294 295 315 314)
4(255 275 316 296)
4(295 296 316 315)
4(256 276 317 297)
4(296 297 317 316)
4(257 277 318 298)
4(297 298 318 317)
4(258 278 319 299)
4(298 299 319 318)
4(259 279 320 300)
4(299 300 320 319)
4(260 280 321 301)
4(300 301 321 320)
4(261 281 322 302)
4(301 302 322 321)
4(262 282 323 303)
4(302 303 323 322)
4(263 283 324 304)
4(303 304 324 323)
4(264 284 325 305)
4(304 305 325 324)
4(265 285 326 306)
4(305 306 326 325)
4(306 307 327 326)
4(288 308 349 329)
3(328 329 349)
4(289 309 350 330)
4(329 330 350 349)
4(290 310 351 331)
4(330 331 351 350)
4(291 311 352 332)
4(331 332 352 351)
4(292 312 353 333)
4(332 333 353 352)
4(293 313 354 334)
4(333 334 354 353)
4(294 314 355 335)
4(334 335 355 354)
4(295 315 356 336)
4(335 336 356 355)
4(296 316 357 337)
4(336 337 357 356)
4(297 317 358 338)
4(337 338 358 357)
4(298 318 359 339)
4(338 339 359 358)
4(299 319 360 340)
4(339 340 360 359)
4(300 320 361 341)
4(340 341 361 360)
4(301 321 362 342)
4(341 342 362 361)
4(302 322 363 343)
4(342 343 363 362)
4(303 323 364 344)
4(343 344 364 363)
4(304 324 365 345)
4(344 345 365 364)
4(305 325 366 346)
4(345 346 366 365)
4(306 326 367 347)
4(346 347 367 366)
4(347 348 368 367)
4(329 349 390 370)
3(369 370 390)
4(330 350 391 371)
4(370 371 391 390)
4(331 351 392 372)
4(371 372 392 391)
4(332 352 393 373)
4(372 373 393 392)
4(333 353 394 374)
4(373 374 394 393)
4(334 354 395 375)
4(374 375 395 394)
4(335 355 396 376)
4(375 376 396 395)
4(336 356 397 377)
4(376 377 397 396)
4(337 357 398 378)
4(377 378 398 397)
4(338 358 399 379)
4(378 379 399 398)
4(339 359 400 380)
4(379 380 400 399)
4(340 360 401 381)
4(380 381 401 400)
4(341 361 402 382)
4(381 382 402 401)
4(342 362 403 383)
4(382 383 403 402)
4(343 363 404 384)
4(383 384 404 403)
4(344 364 405 385)
4(384 385 405 404)
4(345 365 406 386)
4(385 386 406 405)
4(346 366 407 387)
4(386 387 407 406)
4(347 367 408 388)
4(387 388 408 407)
4(388 389 409 408)
4(370 390 431 411)
3(410 411 431)
4(371 391 432 412)
4(411 412 432 431)
4(372 392 433 413)
4(412 413 433 432)
4(373 393 434 414)
4(413 414 434 433)
4(374 394 435 415)
4(414 415 435 434)
4(375 395 436 416)
4(415 416 436 435)
4(376 396 437 417)
4(416 417 437 436)
4(377 397 438 418)
4(417 418 438 437)
4(378 398 439 419)
4(418 419 439 438)
4(379 399 440 420)
4(419 420 440 439)
4(380 400 441 421)
4(420 421 441 440)
4(381 401 442 422)
4(421 422 442 441)
4(382 402 443 423)
4(422 423 443 442)
4(383 403 444 424)
4(423 424 444 443)
4(384 404 445 425)
4(424 425 445 444)
4(385 405 446 426)
4(425 426 446 445)
4(386 406 447 427)
4(426 427 447 446)
4(387 407 448 428)
4(427 428 448 447)
4(388 408 449 429)
4(428 429 449 448)
4(429 430 450 449)
4(411 431 472 452)
3(451 452 472)
4(412 432 473 453)
4(452 453 473 472)
4(413 433 474 454)
4(453 454 474 473)
4(414 434 475 455)
4(454 455 475 474)
4(415 435 476 456)
4(455 456 476 475)
4(416 436 477 457)
4(456 457 477 476)
4(417 437 478 458)
4(457 458 478 477)
4(418 438 479 459)
4(458 459 479 478)
4(419 439 480 460)
4(459 460 480 479)
4(420 440 481 461)
4(460 461 481 480)
4(421 441 482 462)
4(461 462 482 481)
4(422 442 483 463)
4(462 463 483 482)
4(423 443 484 464)
4(463 464 484 483)
4(424 444 485 465)
4(464 465 485 484)
4(425 445 486 466)
4(465 466 486 485)
4(426 446 487 467)
4(466 467 487 486)
4(427 447 488 468)
4(467 468 488 487)
4(428 448 489 469)
4(468 469 489 488)
4(429 449 490 470)
4(469 470 490 489)
4(470 471 491 490)
4(452 472 513 493)
3(492 493 513)
4(453 473 514 494)
4(493 494 514 513)
4(454 474 515 495)
4(494 495 515 514)
4(455 475 516 496)
4(495 496 516 515)
4(456 476 517 497)
4(496 497 517 516)
4(457 477 518 498)
4(497 498 518 517)
4(458 478 519 499)
4(498 499 519 518)
4(459 479 520 500)
4(499 500 520 519)
4(460 480 521 501)
4(500 501 521 520)
4(461 481 522 502)
4(501 502 522 521)
4(462 482 523 503)
4(502 503 523 522)
4(463 483 524 504)
4(503 504 524 523)
4(464 484 525 505)
4(504 505 525 524)
4(465 485 526 506)
4(505 506 526 525)
4(466 486 527 507)
4(506 507 527 526)
4(467 487 528 508)
4(507 508 528 527)
4(468 488 529 509)
4(508 509 529 528)
4(469 489 530 510)
4(509 510 530 529)
4(470 490 531 511)
4(510 511 531 530)
4(511 512 532 531)
4(493 513 554 534)
3(533 534 554)
4(494 514 555 535)
4(534 535 555 554)
4(495 515 556 536)
4(535 536 556 555)
4(496 516 557 537)
4(536 537 557 556)
4(497 517 558 538)
4(537 538 558 557)
4(498 518 559 539)
4(538 539 559 558)
4(499 519 560 540)
4(539 540 560 559)
4(500 520 561 541)
4(540 541 561 560)
4(501 521 562 542)
4(541 542 562 561)
4(502 522 563 543)
4(542 543 563 562)
4(503 523 564 544)
4(543 544 564 563)
4(504 524 565 545)
4(544 545 565 564)
4(505 525 566 546)
4(545 546 566 565)
4(506 526 567 547)
4(546 547 567 566)
4(507 527 568 548)
4(547 548 568 567)
4(508 528 569 549)
4(548 549 569 568)
4(509 529 570 550)
4(549 550 570 569)
4(510 530 571 551)
4(550 551 571 570)
4(511 531 572 552)
4(551 552 572 571)
4(552 553 573 572)
4(534 554 595 575)
3(574 575 595)
4(535 555 596 576)
4(575 576 596 595)
4(536 556 597 577)
4(576 577 597 596)
4(537 557 598 578)
4(577 578 598 597)
4(538 558 599 579)
4(578 579 599 598)
4(539 559 600 580)
4(579 580 600 599)
4(540 560 601 581)
4(580 581 601 600)
4(541 561 602 582)
4(581 582 602 601)
4(542 562 603 583)
4(582 583 603 602)
4(543 563 604 584)
4(583 584 604 603)
4(544 564 605 585)
4(584 585 605 604)
4(545 565 606 586)
4(585 586 606 605)
4(546 566 607 587)
4(586 587 607 606)
4(547 567 608 588)
4(587 588 608 607)
4(548 568 609 589)
4(588 589 609 608)
4(549 569 610 590)
4(589 590 610 609)
4(550 570 611 591)
4(590 591 611 610)
4(551 571 612 592)
4(591 592 612 611)
4(552 572 613 593)
4(592 593 613 612)
4(593 594 614 613)
4(575 595 636 616)
3(615 616 636)
4(576 596 637 617)
4(616 617 637 636)
4(577 597 638 618)
4(617 618 638 637)
4(578 598 639 619)
4(618 619 639 638)
4(579 599 640 620)
4(619 620 640 639)
4(580 600 641 621)
4(620 621 641 640)
4(581 601 642 622)
4(621 622 642 641)
4(582 602 643 623)
4(622 623 643 642)
4(583 603 644 624)
4(623 624 644 643)
4(584 604 645 625)
4(624 625 645 644)
4(585 605 646 626)
4(625 626 646 645)
4(586 606 647 627)
4(626 627 647 646)
4(587 607 648 628)
4(627 628 648 647)
4(588 608 649 629)
4(628 629 649 648)
4(589 609 650 630)
4(629 630 650 649)
4(590 610 651 631)
4(630 631 651 650)
4(591 611 652 632)
4(631 632 652 651)
4(592 612 653 633)
4(632 633 653 652)
4(593 613 654 634)
4(633 634 654 653)
4(634 635 655 654)
4(616 636 677 657)
3(656 657 677)
4(617 637 678 658)
4(657 658 678 677)
4(618 638 679 659)
4(658 659 679 678)
4(619 639 680 660)
4(659 660 680 679)
4(620 640 681 661)
4(660 661 681 680)
4(621 641 682 662)
4(661 662 682 681)
4(622 642 683 663)
4(662 663 683 682)
4(623 643 684 664)
4(663 664 684 683)
4(624 644 685 665)
4(664 665 685 684)
4(625 645 686 666)
4(665 666 686 685)
4(626 646 687 667)
4(666 667 687 686)
4(627 647 688 668)
4(667 668 688 687)
4(628 648 689 669)
4(668 669 689 688)
4(629 649 690 670)
4(669 670 690 689)
4(630 650 691 671)
4(670 671 691 690)
4(631 651 692 672)
4(671 672 692 691)
4(632 652 693 673)
4(672 673 693 692)
4(633 653 694 674)
4(673 674 694 693)
4(634 654 695 675)
4(674 675 695 694)
4(675 676 696 695)
4(657 677 718 698)
3(697 698 718)
4(658 678 719 699)
4(698 699 719 718)
4(659 679 720 700)
4(699 700 720 719)
4(660 680 721 701)
4(700 701 721 720)
4(661 681 722 702)
4(701 702 722 721)
4(662 682 723 703)
4(702 703 723 722)
4(663 683 724 704)
4(703 704 724 723)
4(664 684 725 705)
4(704 705 725 724)
4(665 685 726 706)
4(705 706 726 725)
4(666 686 727 707)
4(706 707 727 726)
4(667 687 728 708)
4(707 708 728 727)
4(668 688 729 709)
4(708 709 729 728)
4(669 689 730 710)
4(709 710 730 729)
4(670 690 731 711)
4(710 711 731 730)
4(671 691 732 712)
4(711 712 732 731)
4(672 692 733 713)
4(712 713 733 732)
4(673 693 734 714)
4(713 714 734 733)
4(674 694 735 715)
4(714 715 735 734)
4(675 695 736 716)
4(715 716 736 735)
4(716 717 737 736)
4(698 718 759 739)
3(738 739 759)
4(699 719 760 740)
4(739 740 760 759)
4(700 720 761 741)
4(740 741 761 760)
4(701 721 762 742)
4(741 742 762 761)
4(702 722 763 743)
4(742 743 763 762)
4(703 723 764 744)
4(743 744 764 763)
4(704 724 765 745)
4(744 745 765 764)
4(705 725 766 746)
4(745 746 766 765)
4(706 726 767 747)
4(746 747 767 766)
4(707 727 768 748)
4(747 748 768 767)
4(708 728 769 749)
4(748 749 769 768)
4(709 729 770 750)
4(749 750 770 769)
4(710 730 771 751)
4(750 751 771 770)
4(711 731 772 752)
4(751 752 772 771)
4(712 732 773 753)
4(752 753 773 772)
4(713 733 774 754)
4(753 754 774 773)
4(714 734 775 755)
4(754 755 775 774)
4(715 735 776 756)
4(755 756 776 775)
4(716 736 777 757)
4(756 757 777 776)
4(757 758 778 777)
4(739 759 800 780)
3(779 780 800)
4(740 760 801 781)
4(780 781 801 800)
4(741 761 802 782)
4(781 782 802 801)
4(742 762 803 783)
4(782 783 803 802)
4(743 763 804 784)
4(783 784 804 803)
4(744 764 805 785)
4(784 785 805 804)
4(745 765 806 786)
4(785 786 806 805)
4(746 766 807 787)
4(786 787 807 806)
4(747 767 808 788)
4(787 788 808 807)
4(748 768 809 789)
4(788 789 809 808)
4(749 769 810 790)
4(789 790 810 809)
4(750 770 811 791)
4(790 791 811 810)
4(751 771 812 792)
4(791 792 812 811)
4(752 772 813 793)
4(792 793 813 812)
4(753 773 814 794)
4(793 794 814 813)
4(754 774 815 795)
4(794 795 815 814)
4(755 775 816 796)
4(795 796 816 815)
4(756 776 817 797)
4(796 797 817 816)
4(757 777 818 798)
4(797 798 818 817)
4(798 799 819 818)
4(780 800 841 821)
3(820 821 841)
4(781 801 842 822)
4(821 822 842 841)
4(782 802 843 823)
4(822 823 843 842)
4(783 803 844 824)
4(823 824 844 843)
4(784 804 845 825)
4(824 825 845 844)
4(785 805 846 826)
4(825 826 846 845)
4(786 806 847 827)
4(826 827 847 846)
4(787 807 848 828)
4(827 828 848 847)
4(788 808 849 829)
4(828 829 849 848)
4(789 809 850 830)
4(829 830 850 849)
4(790 810 851 831)
4(830 831 851 850)
4(791 811 852 832)
4(831 832 852 851)
4(792 812 853 833)
4(832 833 853 852)
4(793 813 854 834)
4(833 834 854 853)
4(794 814 855 835)
4(834 835 855 854)
4(795 815 856 836)
4(835 836 856 855)
4(796 816 857 837)
4(836 837 857 856)
4(797 817 858 838)
4(837 838 858 857)
4(798 818 859 839)
4(838 839 859 858)
4(839 840 860 859)
4(821 841 882 862)
3(861 862 882)
4(822 842 883 863)
4(862 863 883 882)
4(823 843 884 864)
4(863 864 884 883)
4(824 844 885 865)
4(864 865 885 884)
4(825 845 886 866)
4(865 866 886 885)
4(826 846 887 867)
4(866 867 887 886)
4(827 847 888 868)
4(867 868 888 887)
4(828 848 889 869)
4(868 869 889 888)
4(829 849 890 870)
4(869 870 890 889)
4(830 850 891 871)
4(870 871 891 890)
4(831 851 892 872)
4(871 872 892 891)
4(832 852 893 873)
4(872 873 893 892)
4(833 853 894 874)
4(873 874 894 893)
4(834 854 895 875)
4(874 875 895 894)
4(835 855 896 876)
4(875 876 896 895)
4(836 856 897 877)
4(876 877 897 896)
4(837 857 898 878)
4(877 878 898 897)
4(838 858 899 879)
4(878 879 899 898)
4(839 859 900 880)
4(879 880 900 899)
4(880 881 901 900)
4(862 882 923 903)
3(902 903 923)
4(863 883 924 904)
4(903 904 924 923)
4(864 884 925 905)
4(904 905 925 924)
4(865 885 926 906)
4(905 906 926 925)
4(866 886 927 907)
4(906 907 927 926)
4(867 887 928 908)
4(907 908 928 927)
4(868 888 929 909)
4(908 909 929 928)
4(869 889 930 910)
4(909 910 930 929)
4(870 890 931 911)
4(910 911 931 930)
4(871 891 932 912)
4(911 912 932 931)
4(872 892 933 913)
4(912 913 933 932)
4(873 893 934 914)
4(913 914 934 933)
4(874 894 935 915)
4(914 915 935 934)
4(875 895 936 916)
4(915 916 936 935)
4(876 896 937 917)
4(916 917 937 936)
4(877 897 938 918)
4(917 918 938 937)
4(878 898 939 919)
4(918 919 939 938)
4(879 899 940 920)
4(919 920 940 939)
4(880 900 941 921)
4(920 921 941 940)
4(921 922 942 941)
4(903 923 964 944)
3(943 944 964)
4(904 924 965 945)
4(944 945 965 964)
4(905 925 966 946)
4(945 946 966 965)
4(906 926 967 947)
4(946 947 967 966)
4(907 927 968 948)
4(947 948 968 967)
4(908 928 969 949)
4(948 949 969 968)
4(909 929 970 950)
4(949 950 970 969)
4(910 930 971 951)
4(950 951 971 970)
4(911 931 972 952)
4(951 952 972 971)
4(912 932 973 953)
4(952 953 973 972)
4(913 933 974 954)
4(953 954 974 973)
4(914 934 975 955)
4(954 955 975 974)
4(915 935 976 956)
4(955 956 976 975)
4(916 936 977 957)
4(956 957 977 976)
4(917 937 978 958)
4(957 958 978 977)
4(918 938 979 959)
4(958 959 979 978)
4(919 939 980 960)
4(959 960 980 979)
4(920 940 981 961)
4(960 961 981 980)
4(921 941 982 962)
4(961 962 982 981)
4(962 963 983 982)
4(944 964 1005 985)
3(984 985 1005)
4(945 965 1006 986)
4(985 986 1006 1005)
4(946 966 1007 987)
4(986 987 1007 1006)
4(947 967 1008 988)
4(987 988 1008 1007)
4(948 968 1009 989)
4(988 989 1009 1008)
4(949 969 1010 990)
4(989 990 1010 1009)
4(950 970 1011 991)
4(990 991 1011 1010)
4(951 971 1012 992)
4(991 992 1012 1011)
4(952 972 1013 993)
4(992 993 1013 1012)
4(953 973 1014 994)
4(993 994 1014 1013)
4(954 974 1015 995)
4(994 995 1015 1014)
4(955 975 1016 996)
4(995 996 1016 1015)
4(956 976 1017 997)
4(996 997 1017 1016)
4(957 977 1018 998)
4(997 998 1018 1017)
4(958 978 1019 999)
4(998 999 1019 1018)
4(959 979 1020 1000)
4(999 1000 1020 1019)
4(960 980 1021 1001)
4(1000 1001 1021 1020)
4(961 981 1022 1002)
4(1001 1002 1022 1021)
4(962 982 1023 1003)
4(1002 1003 1023 1022)
4(1003 1004 1024 1023)
4(985 1005 1046 1026)
3(1025 1026 1046)
4(986 1006 1047 1027)
4(1026 1027 1047 1046)
4(987 1007 1048 1028)
4(1027 1028 1048 1047)
4(988 1008 1049 1029)
4(1028 1029 1049 1048)
4(989 1009 1050 1030)
4(1029 1030 1050 1049)
4(990 1010 1051 1031)
4(1030 1031 1051 1050)
4(991 1011 1052 1032)
4(1031 1032 1052 1051)
4(992 1012 1053 1033)
4(1032 1033 1053 1052)
4(993 1013 1054 1034)
4(1033 1034 1054 1053)
4(994 1014 1055 1035)
4(1034 1035 1055 1054)
4(995 1015 1056 1036)
4(1035 1036 1056 1055)
4(996 1016 1057 1037)
4(1036 1037 1057 1056)
4(997 1017 1058 1038)
4(1037 1038 1058 1057)
4(998 1018 1059 1039)
4(1038 1039 1059 1058)
4(999 1019 1060 1040)
4(1039 1040 1060 1059)
4(1000 1020 1061 1041)
4(1040 1041 1061 1060)
4(1001 1021 1062 1042)
4(1041 1042 1062 1061)
4(1002 1022 1063 1043)
4(1042 1043 1063 1062)
4(1003 1023 1064 1044)
4(1043 1044 1064 1063)
4(1044 1045 1065 1064)
4(1026 1046 1087 1067)
3(1066 1067 1087)
4(1027 1047 1088 1068)
4(1067 1068 1088 1087)
4(1028 1048 1089 1069)
4(1068 1069 1089 1088)
4(1029 1049 1090 1070)
4(1069 1070 1090 1089)
4(1030 1050 1091 1071)
4(1070 1071 1091 1090)
4(1031 1051 1092 1072)
4(1071 1072 1092 1091)
4(1032 1052 1093 1073)
4(1072 1073 1093 1092)
4(1033 1053 1094 1074)
4(1073 1074 1094 1093)
4(1034 1054 1095 1075)
4(1074 1075 1095 1094)
4(1035 1055 1096 1076)
4(1075 1076 1096 1095)
4(1036 1056 1097 1077)
4(1076 1077 1097 1096)
4(1037 1057 1098 1078)
4(1077 1078 1098 1097)
4(1038 1058 1099 1079)
4(1078 1079 1099 1098)
4(1039 1059 1100 1080)
4(1079 1080 1100 1099)
4(1040 1060 1101 1081)
4(1080 1081 1101 1100)
4(1041 1061 1102 1082)
4(1081 1082 1102 1101)
4(1042 1062 1103 1083)
4(1082 1083 1103 1102)
4(1043 1063 1104 1084)
4(1083 1084 1104 1103)
4(1044 1064 1105 1085)
4(1084 1085 1105 1104)
4(1085 1086 1106 1105)
4(1067 1087 1128 1108)
3(1107 1108 1128)
4(1068 1088 1129 1109)
4(1108 1109 1129 1128)
4(1069 1089 1130 1110)
4(1109 1110 1130 1129)
4(1070 1090 1131 1111)
4(1110 1111 1131 1130)
4(1071 1091 1132 1112)
4(1111 1112 1132 1131)
4(1072 1092 1133 1113)
4(1112 1113 1133 1132)
4(1073 1093 1134 1114)
4(1113 1114 1134 1133)
4(1074 1094 1135 1115)
4(1114 1115 1135 1134)
4(1075 1095 1136 1116)
4(1115 1116 1136 1135)
4(1076 1096 1137 1117)
4(1116 1117 1137 1136)
4(1077 1097 1138 1118)
4(1117 1118 1138 1137)
4(1078 1098 1139 1119)
4(1118 1119 1139 1138)
4(1079 1099 1140 1120)
4(1119 1120 1140 1139)
4(1080 1100 1141 1121)
4(1120 1121 1141 1140)
4(1081 1101 1142 1122)
4(1121 1122 1142 1141)
4(1082 1102 1143 1123)
4(1122 1123 1143 1142)
4(1083 1103 1144 1124)
4(1123 1124 1144 1143)
4(1084 1104 1145 1125)
4(1124 1125 1145 1144)
4(1085 1105 1146 1126)
4(1125 1126 1146 1145)
4(1126 1127 1147 1146)
4(1108 1128 1169 1149)
3(1148 1149 1169)
4(1109 1129 1170 1150)
4(1149 1150 1170 1169)
4(1110 1130 1171 1151)
4(1150 1151 1171 1170)
4(1111 1131 1172 1152)
4(1151 1152 1172 1171)
4(1112 1132 1173 1153)
4(1152 1153 1173 1172)
4(1113 1133 1174 1154)
4(1153 1154 1174 1173)
4(1114 1134 1175 1155)
4(1154 1155 1175 1174)
4(1115 1135 1176 1156)
4(1155 1156 1176 1175)
4(1116 1136 1177 1157)
4(1156 1157 1177 1176)
4(1117 1137 1178 1158)
4(1157 1158 1178 1177)
4(1118 1138 1179 1159)
4(1158 1159 1179 1178)
4(1119 1139 1180 1160)
4(1159 1160 1180 1179)
4(1120 1140 1181 1161)
4(1160 1161 1181 1180)
4(1121 1141 1182 1162)
4(1161 1162 1182 1181)
4(1122 1142 1183 1163)
4(1162 1163 1183 1182)
4(1123 1143 1184 1164)
4(1163 1164 1184 1183)
4(1124 1144 1185 1165)
4(1164 1165 1185 1184)
4(1125 1145 1186 1166)
4(1165 1166 1186 1185)
4(1126 1146 1187 1167)
4(1166 1167 1187 1186)
4(1167 1168 1188 1187)
4(1149 1169 1210 1190)
3(1189 1190 1210)
4(1150 1170 1211 1191)
4(1190 1191 1211 1210)
4(1151 1171 1212 1192)
4(1191 1192 1212 1211)
4(1152 1172 1213 1193)
4(1192 1193 1213 1212)
4(1153 1173 1214 1194)
4(1193 1194 1214 1213)
4(1154 1174 1215 1195)
4(1194 1195 1215 1214)
4(1155 1175 1216 1196)
4(1195 1196 1216 1215)
4(1156 1176 1217 1197)
4(1196 1197 1217 1216)
4(1157 1177 1218 1198)
4(1197 1198 1218 1217)
4(1158 1178 1219 1199)
4(1198 1199 1219 1218)
4(1159 1179 1220 1200)
4(1199 1200 1220 1219)
4(1160 1180 1221 1201)
4(1200 1201 1221 1220)
4(1161 1181 1222 1202)
4(1201 1202 1222 1221)
4(1162 1182 1223 1203)
4(1202 1203 1223 1222)
4(1163 1183 1224 1204)
4(1203 1204 1224 1223)
4(1164 1184 1225 1205)
4(1204 1205 1225 1224)
4(1165 1185 1226 1206)
4(1205 1206 1226 1225)
4(1166 1186 1227 1207)
4(1206 1207 1227 1226)
4(1167 1187 1228 1208)
4(1207 1208 1228 1227)
4(1208 1209 1229 1228)
4(1190 1210 1251 1231)
3(1230 1231 1251)
4(1191 1211 1252 1232)
4(1231 1232 1252 1251)
4(1192 1212 1253 1233)
4(1232 1233 1253 1252)
4(1193 1213 1254 1234)
4(1233 1234 1254 1253)
4(1194 1214 1255 1235)
4(1234 1235 1255 1254)
4(1195 1215 1256 1236)
4(1235 1236 1256 1255)
4(1196 1216 1257 1237)
4(1236 1237 1257 1256)
4(1197 1217 1258 1238)
4(1237 1238 1258 1257)
4(1198 1218 1259 1239)
4(1238 1239 1259 1258)
4(1199 1219 1260 1240)
4(1239 1240 1260 1259)
4(1200 1220 1261 1241)
4(1240 1241 1261 1260)
4(1201 1221 1262 1242)
4(1241 1242 1262 1261)
4(1202 1222 1263 1243)
4(1242 1243 1263 1262)
4(1203 1223 1264 1244)
4(1243 1244 1264 1263)
4(1204 1224 1265 1245)
4(1244 1245 1265 1264)
4(1205 1225 1266 1246)
4(1245 1246 1266 1265)
4(1206 1226 1267 1247)
4(1246 1247 1267 1266)
4(1207 1227 1268 1248)
4(1247 1248 1268 1267)
4(1208 1228 1269 1249)
4(1248 1249 1269 1268)
4(1249 1250 1270 1269)
4(1231 1251 1292 1272)
3(1271 1272 1292)
4(1232 1252 1293 1273)
4(1272 1273 1293 1292)
4(1233 1253 1294 1274)
4(1273 1274 1294 1293)
4(1234 1254 1295 1275)
4(1274 1275 1295 1294)
4(1235 1255 1296 1276)
4(1275 1276 1296 1295)
4(1236 1256 1297 1277)
4(1276 1277 1297 1296)
4(1237 1257 1298 1278)
4(1277 1278 1298 1297)
4(1238 1258 1299 1279)
4(1278 1279 1299 1298)
4(1239 1259 1300 1280)
4(1279 1280 1300 1299)
4(1240 1260 1301 1281)
4(1280 1281 1301 1300)
4(1241 1261 1302 1282)
4(1281 1282 1302 1301)
4(1242 1262 1303 1283)
4(1282 1283 1303 1302)
4(1243 1263 1304 1284)
4(1283 1284 1304 1303)
4(1244 1264 1305 1285)
4(1284 1285 1305 1304)
4(1245 1265 1306 1286)
4(1285 1286 1306 1305)
4(1246 1266 1307 1287)
4(1286 1287 1307 1306)
4(1247 1267 1308 1288)
4(1287 1288 1308 1307)
4(1248 1268 1309 1289)
4(1288 1289 1309 1308)
4(1249 1269 1310 1290)
4(1289 1290 1310 1309)
4(1290 1291 1311 1310)
4(1272 1292 1333 1313)
3(1312 1313 1333)
4(1273 1293 1334 1314)
4(1313 1314 1334 1333)
4(1274 1294 1335 1315)
4(1314 1315 1335 1334)
4(1275 1295 1336 1316)
4(1315 1316 1336 1335)
4(1276 1296 1337 1317)
4(1316 1317 1337 1336)
4(1277 1297 1338 1318)
4(1317 1318 1338 1337)
4(1278 1298 1339 1319)
4(1318 1319 1339 1338)
4(1279 1299 1340 1320)
4(1319 1320 1340 1339)
4(1280 1300 1341 1321)
4(1320 1321 1341 1340)
4(1281 1301 1342 1322)
4(1321 1322 1342 1341)
4(1282 1302 1343 1323)
4(1322 1323 1343 1342)
4(1283 1303 1344 1324)
4(1323 1324 1344 1343)
4(1284 1304 1345 1325)
4(1324 1325 1345 1344)
4(1285 1305 1346 1326)
4(1325 1326 1346 1345)
4(1286 1306 1347 1327)
4(1326 1327 1347 1346)
4(1287 1307 1348 1328)
4(1327 1328 1348 1347)
4(1288 1308 1349 1329)
4(1328 1329 1349 1348)
4(1289 1309 1350 1330)
4(1329 1330 1350 1349)
4(1290 1310 1351 1331)
4(1330 1331 1351 1350)
4(1331 1332 1352 1351)
4(1313 1333 1374 1354)
3(1353 1354 1374)
4(1314 1334 1375 1355)
4(1354 1355 1375 1374)
4(1315 1335 1376 1356)
4(1355 1356 1376 1375)
4(1316 1336 1377 1357)
4(1356 1357 1377 1376)
4(1317 1337 1378 1358)
4(1357 1358 1378 1377)
4(1318 1338 1379 1359)
4(1358 1359 1379 1378)
4(1319 1339 1380 1360)
4(1359 1360 1380 1379)
4(1320 1340 1381 1361)
4(1360 1361 1381 1380)
4(1321 1341 1382 1362)
4(1361 1362 1382 1381)
4(1322 1342 1383 1363)
4(1362 1363 1383 1382)
4(1323 1343 1384 1364)
4(1363 1364 1384 1383)
4(1324 1344 1385 1365)
4(1364 1365 1385 1384)
4(1325 1345 1386 1366)
4(1365 1366 1386 1385)
4(1326 1346 1387 1367)
4(1366 1367 1387 1386)
4(1327 1347 1388 1368)
4(1367 1368 1388 1387)
4(1328 1348 1389 1369)
4(1368 1369 1389 1388)
4(1329 1349 1390 1370)
4(1369 1370 1390 1389)
4(1330 1350 1391 1371)
4(1370 1371 1391 1390)
4(1331 1351 1392 1372)
4(1371 1372 1392 1391)
4(1372 1373 1393 1392)
4(1354 1374 1415 1395)
3(1394 1395 1415)
4(1355 1375 1416 1396)
4(1395 1396 1416 1415)
4(1356 1376 1417 1397)
4(1396 1397 1417 1416)
4(1357 1377 1418 1398)
4(1397 1398 1418 1417)
4(1358 1378 1419 1399)
4(1398 1399 1419 1418)
4(1359 1379 1420 1400)
4(1399 1400 1420 1419)
4(1360 1380 1421 1401)
4(1400 1401 1421 1420)
4(1361 1381 1422 1402)
4(1401 1402 1422 1421)
4(1362 1382 1423 1403)
4(1402 1403 1423 1422)
4(1363 1383 1424 1404)
4(1403 1404 1424 1423)
4(1364 1384 1425 1405)
4(1404 1405 1425 1424)
4(1365 1385 1426 1406)
4(1405 1406 1426 1425)
4(1366 1386 1427 1407)
4(1406 1407 1427 1426)
4(1367 1387 1428 1408)
4(1407 1408 1428 1427)
4(1368 1388 1429 1409)
4(1408 1409 1429 1428)
4(1369 1389 1430 1410)
4(1409 1410 1430 1429)
4(1370 1390 1431 1411)
4(1410 1411 1431 1430)
4(1371 1391 1432 1412)
4(1411 1412 1432 1431)
4(1372 1392 1433 1413)
4(1412 1413 1433 1432)
4(1413 1414 1434 1433)
4(1395 1415 1456 1436)
3(1435 1436 1456)
4(1396 1416 1457 1437)
4(1436 1437 1457 1456)
4(1397 1417 1458 1438)
4(1437 1438 1458 1457)
4(1398 1418 1459 1439)
4(1438 1439 1459 1458)
4(1399 1419 1460 1440)
4(1439 1440 1460 1459)
4(1400 1420 1461 1441)
4(1440 1441 1461 1460)
4(1401 1421 1462 1442)
4(1441 1442 1462 1461)
4(1402 1422 1463 1443)
4(1442 1443 1463 1462)
4(1403 1423 1464 1444)
4(1443 1444 1464 1463)
4(1404 1424 1465 1445)
4(1444 1445 1465 1464)
4(1405 1425 1466 1446)
4(1445 1446 1466 1465)
4(1406 1426 1467 1447)
4(1446 1447 1467 1466)
4(1407 1427 1468 1448)
4(1447 1448 1468 1467)
4(1408 1428 1469 1449)
4(1448 1449 1469 1468)
4(1409 1429 1470 1450)
4(1449 1450 1470 1469)
4(1410 1430 1471 1451)
4(1450 1451 1471 1470)
4(1411 1431 1472 1452)
4(1451 1452 1472 1471)
4(1412 1432 1473 1453)
4(1452 1453 1473 1472)
4(1413 1433 1474 1454)
4(1453 1454 1474 1473)
4(1454 1455 1475 1474)
4(1436 1456 1497 1477)
3(1476 1477 1497)
4(1437 1457 1498 1478)
4(1477 1478 1498 1497)
4(1438 1458 1499 1479)
4(1478 1479 1499 1498)
4(1439 1459 1500 1480)
4(1479 1480 1500 1499)
4(1440 1460 1501 1481)
4(1480 1481 1501 1500)
4(1441 1461 1502 1482)
4(1481 1482 1502 1501)
4(1442 1462 1503 1483)
4(1482 1483 1503 1502)
4(1443 1463 1504 1484)
4(1483 1484 1504 1503)
4(1444 1464 1505 1485)
4(1484 1485 1505 1504)
4(1445 1465 1506 1486)
4(1485 1486 1506 1505)
4(1446 1466 1507 1487)
4(1486 1487 1507 1506)
4(1447 1467 1508 1488)
4(1487 1488 1508 1507)
4(1448 1468 1509 1489)
4(1488 1489 1509 1508)
4(1449 1469 1510 1490)
4(1489 1490 1510 1509)
4(1450 1470 1511 1491)
4(1490 1491 1511 1510)
4(1451 1471 1512 1492)
4(1491 1492 1512 1511)
4(1452 1472 1513 1493)
4(1492 1493 1513 1512)
4(1453 1473 1514 1494)
4(1493 1494 1514 1513)
4(1454 1474 1515 1495)
4(1494 1495 1515 1514)
4(1495 1496 1516 1515)
4(1477 1497 1538 1518)
3(1517 1518 1538)
4(1478 1498 1539 1519)
4(1518 1519 1539 1538)
4(1479 1499 1540 1520)
4(1519 1520 1540 1539)
4(1480 1500 1541 1521)
4(1520 1521 1541 1540)
4(1481 1501 1542 1522)
4(1521 1522 1542 1541)
4(1482 1502 1543 1523)
4(1522 1523 1543 1542)
4(1483 1503 1544 1524)
4(1523 1524 1544 1543)
4(1484 1504 1545 1525)
4(1524 1525 1545 1544)
4(1485 1505 1546 1526)
4(1525 1526 1546 1545)
4(1486 1506 1547 1527)
4(1526 1527 1547 1546)
4(1487 1507 1548 1528)
4(1527 1528 1548 1547)
4(1488 1508 1549 1529)
4(1528 1529 1549 1548)
4(1489 1509 1550 1530)
4(1529 1530 1550 1549)
4(1490 1510 1551 1531)
4(1530 1531 1551 1550)
4(1491 1511 1552 1532)
4(1531 1532 1552 1551)
4(1492 1512 1553 1533)
4(1532 1533 1553 1552)
4(1493 1513 1554 1534)
4(1533 1534 1554 1553)
4(1494 1514 1555 1535)
4(1534 1535 1555 1554)
4(1495 1515 1556 1536)
4(1535 1536 1556 1555)
4(1536 1537 1557 1556)
4(1518 1538 1579 1559)
3(1558 1559 1579)
4(1519 1539 1580 1560)
4(1559 1560 1580 1579)
4(1520 1540 1581 1561)
4(1560 1561 1581 1580)
4(1521 1541 1582 1562)
4(1561 1562 1582 1581)
4(1522 1542 1583 1563)
4(1562 1563 1583 1582)
4(1523 1543 1584 1564)
4(1563 1564 1584 1583)
4(1524 1544 1585 1565)
4(1564 1565 1585 1584)
4(1525 1545 1586 1566)
4(1565 1566 1586 1585)
4(1526 1546 1587 1567)
4(1566 1567 1587 1586)
4(1527 1547 1588 1568)
4(1567 1568 1588 1587)
4(1528 1548 1589 1569)
4(1568 1569 1589 1588)
4(1529 1549 1590 1570)
4(1569 1570 1590 1589)
4(1530 1550 1591 1571)
4(1570 1571 1591 1590)
4(1531 1551 1592 1572)
4(1571 1572 1592 1591)
4(1532 1552 1593 1573)
4(1572 1573 1593 1592)
4(1533 1553 1594 1574)
4(1573 1574 1594 1593)
4(1534 1554 1595 1575)
4(1574 1575 1595 1594)
4(1535 1555 1596 1576)
4(1575 1576 1596 1595)
4(1536 1556 1597 1577)
4(1576 1577 1597 1596)
4(1577 1578 1598 1597)
4(1559 1579 1620 1600)
3(1599 1600 1620)
4(1560 1580 1621 1601)
4(1600 1601 1621 1620)
4(1561 1581 1622 1602)
4(1601 1602 1622 1621)
4(1562 1582 1623 1603)
4(1602 1603 1623 1622)
4(1563 1583 1624 1604)
4(1603 1604 1624 1623)
4(1564 1584 1625 1605)
4(1604 1605 1625 1624)
4(1565 1585 1626 1606)
4(1605 1606 1626 1625)
4(1566 1586 1627 1607)
4(1606 1607 1627 1626)
4(1567 1587 1628 1608)
4(1607 1608 1628 1627)
4(1568 1588 1629 1609)
4(1608 1609 1629 1628)
4(1569 1589 1630 1610)
4(1609 1610 1630 1629)
4(1570 1590 1631 1611)
4(1610 1611 1631 1630)
4(1571 1591 1632 1612)
4(1611 1612 1632 1631)
4(1572 1592 1633 1613)
4(1612 1613 1633 1632)
4(1573 1593 1634 1614)
4(1613 1614 1634 1633)
4(1574 1594 1635 1615)
4(1614 1615 1635 1634)
4(1575 1595 1636 1616)
4(1615 1616 1636 1635)
4(1576 1596 1637 1617)
4(1616 1617 1637 1636)
4(1577 1597 1638 1618)
4(1617 1618 1638 1637)
4(1618 1619 1639 1638)
4(1600 1620 1661 1641)
3(1640 1641 1661)
4(1601 1621 1662 1642)
4(1641 1642 1662 1661)
4(1602 1622 1663 1643)
4(1642 1643 1663 1662)
4(1603 1623 1664 1644)
4(1643 1644 1664 1663)
4(1604 1624 1665 1645)
4(1644 1645 1665 1664)
4(1605 1625 1666 1646)
4(1645 1646 1666 1665)
4(1606 1626 1667 1647)
4(1646 1647 1667 1666)
4(1607 1627 1668 1648)
4(1647 1648 1668 1667)
4(1608 1628 1669 1649)
4(1648 1649 1669 1668)
4(1609 1629 1670 1650)
4(1649 1650 1670 1669)
4(1610 1630 1671 1651)
4(1650 1651 1671 1670)
4(1611 1631 1672 1652)
4(1651 1652 1672 1671)
4(1612 1632 1673 1653)
4(1652 1653 1673 1672)
4(1613 1633 1674 1654)
4(1653 1654 1674 1673)
4(1614 1634 1675 1655)
4(1654 1655 1675 1674)
4(1615 1635 1676 1656)
4(1655 1656 1676 1675)
4(1616 1636 1677 1657)
4(1656 1657 1677 1676)
4(1617 1637 1678 1658)
4(1657 1658 1678 1677)
4(1618 1638 1679 1659)
4(1658 1659 1679 1678)
4(1659 1660 1680 1679)
4(1641 1661 1702 1682)
3(1681 1682 1702)
4(1642 1662 1703 1683)
4(1682 1683 1703 1702)
4(1643 1663 1704 1684)
4(1683 1684 1704 1703)
4(1644 1664 1705 1685)
4(1684 1685 1705 1704)
4(1645 1665 1706 1686)
4(1685 1686 1706 1705)
4(1646 1666 1707 1687)
4(1686 1687 1707 1706)
4(1647 1667 1708 1688)
4(1687 1688 1708 1707)
4(1648 1668 1709 1689)
4(1688 1689 1709 1708)
4(1649 1669 1710 1690)
4(1689 1690 1710 1709)
4(1650 1670 1711 1691)
4(1690 1691 1711 1710)
4(1651 1671 1712 1692)
4(1691 1692 1712 1711)
4(1652 1672 1713 1693)
4(1692 1693 1713 1712)
4(1653 1673 1714 1694)
4(1693 1694 1714 1713)
4(1654 1674 1715 1695)
4(1694 1695 1715 1714)
4(1655 1675 1716 1696)
4(1695 1696 1716 1715)
4(1656 1676 1717 1697)
4(1696 1697 1717 1716)
4(1657 1677 1718 1698)
4(1697 1698 1718 1717)
4(1658 1678 1719 1699)
4(1698 1699 1719 1718)
4(1659 1679 1720 1700)
4(1699 1700 1720 1719)
4(1700 1701 1721 1720)
4(1682 1702 1743 1723)
3(1722 1723 1743)
4(1683 1703 1744 1724)
4(1723 1724 1744 1743)
4(1684 1704 1745 1725)
4(1724 1725 1745 1744)
4(1685 1705 1746 1726)
4(1725 1726 1746 1745)
4(1686 1706 1747 1727)
4(1726 1727 1747 1746)
4(1687 1707 1748 1728)
4(1727 1728 1748 1747)
4(1688 1708 1749 1729)
4(1728 1729 1749 1748)
4(1689 1709 1750 1730)
4(1729 1730 1750 1749)
4(1690 1710 1751 1731)
4(1730 1731 1751 1750)
4(1691 1711 1752 1732)
4(1731 1732 1752 1751)
4(1692 1712 1753 1733)
4(1732 1733 1753 1752)
4(1693 1713 1754 1734)
4(1733 1734 1754 1753)
4(1694 1714 1755 1735)
4(1734 1735 1755 1754)
4(1695 1715 1756 1736)
4(1735 1736 1756 1755)
4(1696 1716 1757 1737)
4(1736 1737 1757 1756)
4(1697 1717 1758 1738)
4(1737 1738 1758 1757)
4(1698 1718 1759 1739)
4(1738 1739 1759 1758)
4(1699 1719 1760 1740)
4(1739 1740 1760 1759)
4(1700 1720 1761 1741)
4(1740 1741 1761 1760)
4(1741 1742 1762 1761)
4(1723 1743 1784 1764)
3(1763 1764 1784)
4(1724 1744 1785 1765)
4(1764 1765 1785 1784)
4(1725 1745 1786 1766)
4(1765 1766 1786 1785)
4(1726 1746 1787 1767)
4(1766 1767 1787 1786)
4(1727 1747 1788 1768)
4(1767 1768 1788 1787)
4(1728 1748 1789 1769)
4(1768 1769 1789 1788)
4(1729 1749 1790 1770)
4(1769 1770 1790 1789)
4(1730 1750 1791 1771)
4(1770 1771 1791 1790)
4(1731 1751 1792 1772)
4(1771 1772 1792 1791)
4(1732 1752 1793 1773)
4(1772 1773 1793 1792)
4(1733 1753 1794 1774)
4(1773 1774 1794 1793)
4(1734 1754 1795 1775)
4(1774 1775 1795 1794)
4(1735 1755 1796 1776)
4(1775 1776 1796 1795)
4(1736 1756 1797 1777)
4(1776 1777 1797 1796)
4(1737 1757 1798 1778)
4(1777 1778 1798 1797)
4(1738 1758 1799 1779)
4(1778 1779 1799 1798)
4(1739 1759 1800 1780)
4(1779 1780 1800 1799)
4(1740 1760 1801 1781)
4(1780 1781 1801 1800)
4(1741 1761 1802 1782)
4(1781 1782 1802 1801)
4(1782 1783 1803 1802)
4(1764 1784 1825 1805)
3(1804 1805 1825)
4(1765 1785 1826 1806)
4(1805 1806 1826 1825)
4(1766 1786 1827 1807)
4(1806 1807 1827 1826)
4(1767 1787 1828 1808)
4(1807 1808 1828 1827)
4(1768 1788 1829 1809)
4(1808 1809 1829 1828)
4(1769 1789 1830 1810)
4(1809 1810 1830 1829)
4(1770 1790 1831 1811)
4(1810 1811 1831 1830)
4(1771 1791 1832 1812)
4(1811 1812 1832 1831)
4(1772 1792 1833 1813)
4(1812 1813 1833 1832)
4(1773 1793 1834 1814)
4(1813 1814 1834 1833)
4(1774 1794 1835 1815)
4(1814 1815 1835 1834)
4(1775 1795 1836 1816)
4(1815 1816 1836 1835)
4(1776 1796 1837 1817)
4(1816 1817 1837 1836)
4(1777 1797 1838 1818)
4(1817 1818 1838 1837)
4(1778 1798 1839 1819)
4(1818 1819 1839 1838)
4(1779 1799 1840 1820)
4(1819 1820 1840 1839)
4(1780 1800 1841 1821)
4(1820 1821 1841 1840)
4(1781 1801 1842 1822)
4(1821 1822 1842 1841)
4(1782 1802 1843 1823)
4(1822 1823 1843 1842)
4(1823 1824 1844 1843)
4(1805 1825 1866 1846)
3(1845 1846 1866)
4(1806 1826 1867 1847)
4(1846 1847 1867 1866)
4(1807 1827 1868 1848)
4(1847 1848 1868 1867)
4(1808 1828 1869 1849)
4(1848 1849 1869 1868)
4(1809 1829 1870 1850)
4(1849 1850 1870 1869)
4(1810 1830 1871 1851)
4(1850 1851 1871 1870)
4(1811 1831 1872 1852)
4(1851 1852 1872 1871)
4(1812 1832 1873 1853)
4(1852 1853 1873 1872)
4(1813 1833 1874 1854)
4(1853 1854 1874 1873)
4(1814 1834 1875 1855)
4(1854 1855 1875 1874)
4(1815 1835 1876 1856)
4(1855 1856 1876 1875)
4(1816 1836 1877 1857)
4(1856 1857 1877 1876)
4(1817 1837 1878 1858)
4(1857 1858 1878 1877)
4(1818 1838 1879 1859)
4(1858 1859 1879 1878)
4(1819 1839 1880 1860)
4(1859 1860 1880 1879)
4(1820 1840 1881 1861)
4(1860 1861 1881 1880)
4(1821 1841 1882 1862)
4(1861 1862 1882 1881)
4(1822 1842 1883 1863)
4(1862 1863 1883 1882)
4(1823 1843 1884 1864)
4(1863 1864 1884 1883)
4(1864 1865 1885 1884)
4(1846 1866 1907 1887)
3(1886 1887 1907)
4(1847 1867 1908 1888)
4(1887 1888 1908 1907)
4(1848 1868 1909 1889)
4(1888 1889 1909 1908)
4(1849 1869 1910 1890)
4(1889 1890 1910 1909)
4(1850 1870 1911 1891)
4(1890 1891 1911 1910)
4(1851 1871 1912 1892)
4(1891 1892 1912 1911)
4(1852 1872 1913 1893)
4(1892 1893 1913 1912)
4(1853 1873 1914 1894)
4(1893 1894 1914 1913)
4(1854 1874 1915 1895)
4(1894 1895 1915 1914)
4(1855 1875 1916 1896)
4(1895 1896 1916 1915)
4(1856 1876 1917 1897)
4(1896 1897 1917 1916)
4(1857 1877 1918 1898)
4(1897 1898 1918 1917)
4(1858 1878 1919 1899)
4(1898 1899 1919 1918)
4(1859 1879 1920 1900)
4(1899 1900 1920 1919)
4(1860 1880 1921 1901)
4(1900 1901 1921 1920)
4(1861 1881 1922 1902)
4(1901 1902 1922 1921)
4(1862 1882 1923 1903)
4(1902 1903 1923 1922)
4(1863 1883 1924 1904)
4(1903 1904 1924 1923)
4(1864 1884 1925 1905)
4(1904 1905 1925 1924)
4(1905 1906 1926 1925)
4(1887 1907 1948 1928)
3(1927 1928 1948)
4(1888 1908 1949 1929)
4(1928 1929 1949 1948)
4(1889 1909 1950 1930)
4(1929 1930 1950 1949)
4(1890 1910 1951 1931)
4(1930 1931 1951 1950)
4(1891 1911 1952 1932)
4(1931 1932 1952 1951)
4(1892 1912 1953 1933)
4(1932 1933 1953 1952)
4(1893 1913 1954 1934)
4(1933 1934 1954 1953)
4(1894 1914 1955 1935)
4(1934 1935 1955 1954)
4(1895 1915 1956 1936)
4(1935 1936 1956 1955)
4(1896 1916 1957 1937)
4(1936 1937 1957 1956)
4(1897 1917 1958 1938)
4(1937 1938 1958 1957)
4(1898 1918 1959 1939)
4(1938 1939 1959 1958)
4(1899 1919 1960 1940)
4(1939 1940 1960 1959)
4(1900 1920 1961 1941)
4(1940 1941 1961 1960)
4(1901 1921 1962 1942)
4(1941 1942 1962 1961)
4(1902 1922 1963 1943)
4(1942 1943 1963 1962)
4(1903 1923 1964 1944)
4(1943 1944 1964 1963)
4(1904 1924 1965 1945)
4(1944 1945 1965 1964)
4(1905 1925 1966 1946)
4(1945 1946 1966 1965)
4(1946 1947 1967 1966)
4(1928 1948 1989 1969)
3(1968 1969 1989)
4(1929 1949 1990 1970)
4(1969 1970 1990 1989)
4(1930 1950 1991 1971)
4(1970 1971 1991 1990)
4(1931 1951 1992 1972)
4(1971 1972 1992 1991)
4(1932 1952 1993 1973)
4(1972 1973 1993 1992)
4(1933 1953 1994 1974)
4(1973 1974 1994 1993)
4(1934 1954 1995 1975)
4(1974 1975 1995 1994)
4(1935 1955 1996 1976)
4(1975 1976 1996 1995)
4(1936 1956 1997 1977)
4(1976 1977 1997 1996)
4(1937 1957 1998 1978)
4(1977 1978 1998 1997)
4(1938 1958 1999 1979)
4(1978 1979 1999 1998)
4(1939 1959 2000 1980)
4(1979 1980 2000 1999)
4(1940 1960 2001 1981)
4(1980 1981 2001 2000)
4(1941 1961 2002 1982)
4(1981 1982 2002 2001)
4(1942 1962 2003 1983)
4(1982 1983 2003 2002)
4(1943 1963 2004 1984)
4(1983 1984 2004 2003)
4(1944 1964 2005 1985)
4(1984 1985 2005 2004)
4(1945 1965 2006 1986)
4(1985 1986 2006 2005)
4(1946 1966 2007 1987)
4(1986 1987 2007 2006)
4(1987 1988 2008 2007)
4(1969 1989 2030 2010)
3(2009 2010 2030)
4(1970 1990 2031 2011)
4(2010 2011 2031 2030)
4(1971 1991 2032 2012)
4(2011 2012 2032 2031)
4(1972 1992 2033 2013)
4(2012 2013 2033 2032)
4(1973 1993 2034 2014)
4(2013 2014 2034 2033)
4(1974 1994 2035 2015)
4(2014 2015 2035 2034)
4(1975 1995 2036 2016)
4(2015 2016 2036 2035)
4(1976 1996 2037 2017)
4(2016 2017 2037 2036)
4(1977 1997 2038 2018)
4(2017 2018 2038 2037)
4(1978 1998 2039 2019)
4(2018 2019 2039 2038)
4(1979 1999 2040 2020)
4(2019 2020 2040 2039)
4(1980 2000 2041 2021)
4(2020 2021 2041 2040)
4(1981 2001 2042 2022)
4(2021 2022 2042 2041)
4(1982 2002 2043 2023)
4(2022 2023 2043 2042)
4(1983 2003 2044 2024)
4(2023 2024 2044 2043)
4(1984 2004 2045 2025)
4(2024 2025 2045 2044)
4(1985 2005 2046 2026)
4(2025 2026 2046 2045)
4(1986 2006 2047 2027)
4(2026 2027 2047 2046)
4(1987 2007 2048 2028)
4(2027 2028 2048 2047)
4(2028 2029 2049 2048)
4(2010 2030 2071 2051)
3(2050 2051 2071)
4(2011 2031 2072 2052)
4(2051 2052 2072 2071)
4(2012 2032 2073 2053)
4(2052 2053 2073 2072)
4(2013 2033 2074 2054)
4(2053 2054 2074 2073)
4(2014 2034 2075 2055)
4(2054 2055 2075 2074)
4(2015 2035 2076 2056)
4(2055 2056 2076 2075)
4(2016 2036 2077 2057)
4(2056 2057 2077 2076)
4(2017 2037 2078 2058)
4(2057 2058 2078 2077)
4(2018 2038 2079 2059)
4(2058 2059 2079 2078)
4(2019 2039 2080 2060)
4(2059 2060 2080 2079)
4(2020 2040 2081 2061)
4(2060 2061 2081 2080)
4(2021 2041 2082 2062)
4(2061 2062 2082 2081)
4(2022 2042 2083 2063)
4(2062 2063 2083 2082)
4(2023 2043 2084 2064)
4(2063 2064 2084 2083)
4(2024 2044 2085 2065)
4(2064 2065 2085 2084)
4(2025 2045 2086 2066)
4(2065 2066 2086 2085)
4(2026 2046 2087 2067)
4(2066 2067 2087 2086)
4(2027 2047 2088 2068)
4(2067 2068 2088 2087)
4(2028 2048 2089 2069)
4(2068 2069 2089 2088)
4(2069 2070 2090 2089)
4(2051 2071 2112 2092)
3(2091 2092 2112)
4(2052 2072 2113 2093)
4(2092 2093 2113 2112)
4(2053 2073 2114 2094)
4(2093 2094 2114 2113)
4(2054 2074 2115 2095)
4(2094 2095 2115 2114)
4(2055 2075 2116 2096)
4(2095 2096 2116 2115)
4(2056 2076 2117 2097)
4(2096 2097 2117 2116)
4(2057 2077 2118 2098)
4(2097 2098 2118 2117)
4(2058 2078 2119 2099)
4(2098 2099 2119 2118)
4(2059 2079 2120 2100)
4(2099 2100 2120 2119)
4(2060 2080 2121 2101)
4(2100 2101 2121 2120)
4(2061 2081 2122 2102)
4(2101 2102 2122 2121)
4(2062 2082 2123 2103)
4(2102 2103 2123 2122)
4(2063 2083 2124 2104)
4(2103 2104 2124 2123)
4(2064 2084 2125 2105)
4(2104 2105 2125 2124)
4(2065 2085 2126 2106)
4(2105 2106 2126 2125)
4(2066 2086 2127 2107)
4(2106 2107 2127 2126)
4(2067 2087 2128 2108)
4(2107 2108 2128 2127)
4(2068 2088 2129 2109)
4(2108 2109 2129 2128)
4(2069 2089 2130 2110)
4(2109 2110 2130 2129)
4(2110 2111 2131 2130)
4(2092 2112 2153 2133)
3(2132 2133 2153)
4(2093 2113 2154 2134)
4(2133 2134 2154 2153)
4(2094 2114 2155 2135)
4(2134 2135 2155 2154)
4(2095 2115 2156 2136)
4(2135 2136 2156 2155)
4(2096 2116 2157 2137)
4(2136 2137 2157 2156)
4(2097 2117 2158 2138)
4(2137 2138 2158 2157)
4(2098 2118 2159 2139)
4(2138 2139 2159 2158)
4(2099 2119 2160 2140)
4(2139 2140 2160 2159)
4(2100 2120 2161 2141)
4(2140 2141 2161 2160)
4(2101 2121 2162 2142)
4(2141 2142 2162 2161)
4(2102 2122 2163 2143)
4(2142 2143 2163 2162)
4(2103 2123 2164 2144)
4(2143 2144 2164 2163)
4(2104 2124 2165 2145)
4(2144 2145 2165 2164)
4(2105 2125 2166 2146)
4(2145 2146 2166 2165)
4(2106 2126 2167 2147)
4(2146 2147 2167 2166)
4(2107 2127 2168 2148)
4(2147 2148 2168 2167)
4(2108 2128 2169 2149)
4(2148 2149 2169 2168)
4(2109 2129 2170 2150)
4(2149 2150 2170 2169)
4(2110 2130 2171 2151)
4(2150 2151 2171 2170)
4(2151 2152 2172 2171)
4(2133 2153 2194 2174)
3(2173 2174 2194)
4(2134 2154 2195 2175)
4(2174 2175 2195 2194)
4(2135 2155 2196 2176)
4(2175 2176 2196 2195)
4(2136 2156 2197 2177)
4(2176 2177 2197 2196)
4(2137 2157 2198 2178)
4(2177 2178 2198 2197)
4(2138 2158 2199 2179)
4(2178 2179 2199 2198)
4(2139 2159 2200 2180)
4(2179 2180 2200 2199)
4(2140 2160 2201 2181)
4(2180 2181 2201 2200)
4(2141 2161 2202 2182)
4(2181 2182 2202 2201)
4(2142 2162 2203 2183)
4(2182 2183 2203 2202)
4(2143 2163 2204 2184)
4(2183 2184 2204 2203)
4(2144 2164 2205 2185)
4(2184 2185 2205 2204)
4(2145 2165 2206 2186)
4(2185 2186 2206 2205)
4(2146 2166 2207 2187)
4(2186 2187 2207 2206)
4(2147 2167 2208 2188)
4(2187 2188 2208 2207)
4(2148 2168 2209 2189)
4(2188 2189 2209 2208)
4(2149 2169 2210 2190)
4(2189 2190 2210 2209)
4(2150 2170 2211 2191)
4(2190 2191 2211 2210)
4(2151 2171 2212 2192)
4(2191 2192 2212 2211)
4(2192 2193 2213 2212)
4(2174 2194 2235 2215)
3(2214 2215 2235)
4(2175 2195 2236 2216)
4(2215 2216 2236 2235)
4(2176 2196 2237 2217)
4(2216 2217 2237 2236)
4(2177 2197 2238 2218)
4(2217 2218 2238 2237)
4(2178 2198 2239 2219)
4(2218 2219 2239 2238)
4(2179 2199 2240 2220)
4(2219 2220 2240 2239)
4(2180 2200 2241 2221)
4(2220 2221 2241 2240)
4(2181 2201 2242 2222)
4(2221 2222 2242 2241)
4(2182 2202 2243 2223)
4(2222 2223 2243 2242)
4(2183 2203 2244 2224)
4(2223 2224 2244 2243)
4(2184 2204 2245 2225)
4(2224 2225 2245 2244)
4(2185 2205 2246 2226)
4(2225 2226 2246 2245)
4(2186 2206 2247 2227)
4(2226 2227 2247 2246)
4(2187 2207 2248 2228)
4(2227 2228 2248 2247)
4(2188 2208 2249 2229)
4(2228 2229 2249 2248)
4(2189 2209 2250 2230)
4(2229 2230 2250 2249)
4(2190 2210 2251 2231)
4(2230 2231 2251 2250)
4(2191 2211 2252 2232)
4(2231 2232 2252 2251)
4(2192 2212 2253 2233)
4(2232 2233 2253 2252)
4(2233 2234 2254 2253)
4(2215 2235 2276 2256)
3(2255 2256 2276)
4(2216 2236 2277 2257)
4(2256 2257 2277 2276)
4(2217 2237 2278 2258)
4(2257 2258 2278 2277)
4(2218 2238 2279 2259)
4(2258 2259 2279 2278)
4(2219 2239 2280 2260)
4(2259 2260 2280 2279)
4(2220 2240 2281 2261)
4(2260 2261 2281 2280)
4(2221 2241 2282 2262)
4(2261 2262 2282 2281)
4(2222 2242 2283 2263)
4(2262 2263 2283 2282)
4(2223 2243 2284 2264)
4(2263 2264 2284 2283)
4(2224 2244 2285 2265)
4(2264 2265 2285 2284)
4(2225 2245 2286 2266)
4(2265 2266 2286 2285)
4(2226 2246 2287 2267)
4(2266 2267 2287 2286)
4(2227 2247 2288 2268)
4(2267 2268 2288 2287)
4(2228 2248 2289 2269)
4(2268 2269 2289 2288)
4(2229 2249 2290 2270)
4(2269 2270 2290 2289)
4(2230 2250 2291 2271)
4(2270 2271 2291 2290)
4(2231 2251 2292 2272)
4(2271 2272 2292 2291)
4(2232 2252 2293 2273)
4(2272 2273 2293 2292)
4(2233 2253 2294 2274)
4(2273 2274 2294 2293)
4(2274 2275 2295 2294)
4(2256 2276 2317 2297)
3(2296 2297 2317)
4(2257 2277 2318 2298)
4(2297 2298 2318 2317)
4(2258 2278 2319 2299)
4(2298 2299 2319 2318)
4(2259 2279 2320 2300)
4(2299 2300 2320 2319)
4(2260 2280 2321 2301)
4(2300 2301 2321 2320)
4(2261 2281 2322 2302)
4(2301 2302 2322 2321)
4(2262 2282 2323 2303)
4(2302 2303 2323 2322)
4(2263 2283 2324 2304)
4(2303 2304 2324 2323)
4(2264 2284 2325 2305)
4(2304 2305 2325 2324)
4(2265 2285 2326 2306)
4(2305 2306 2326 2325)
4(2266 2286 2327 2307)
4(2306 2307 2327 2326)
4(2267 2287 2328 2308)
4(2307 2308 2328 2327)
4(2268 2288 2329 2309)
4(2308 2309 2329 2328)
4(2269 2289 2330 2310)
4(2309 2310 2330 2329)
4(2270 2290 2331 2311)
4(2310 2311 2331 2330)
4(2271 2291 2332 2312)
4(2311 2312 2332 2331)
4(2272 2292 2333 2313)
4(2312 2313 2333 2332)
4(2273 2293 2334 2314)
4(2313 2314 2334 2333)
4(2274 2294 2335 2315)
4(2314 2315 2335 2334)
4(2315 2316 2336 2335)
4(2297 2317 2358 2338)
3(2337 2338 2358)
4(2298 2318 2359 2339)
4(2338 2339 2359 2358)
4(2299 2319 2360 2340)
4(2339 2340 2360 2359)
4(2300 2320 2361 2341)
4(2340 2341 2361 2360)
4(2301 2321 2362 2342)
4(2341 2342 2362 2361)
4(2302 2322 2363 2343)
4(2342 2343 2363 2362)
4(2303 2323 2364 2344)
4(2343 2344 2364 2363)
4(2304 2324 2365 2345)
4(2344 2345 2365 2364)
4(2305 2325 2366 2346)
4(2345 2346 2366 2365)
4(2306 2326 2367 2347)
4(2346 2347 2367 2366)
4(2307 2327 2368 2348)
4(2347 2348 2368 2367)
4(2308 2328 2369 2349)
4(2348 2349 2369 2368)
4(2309 2329 2370 2350)
4(2349 2350 2370 2369)
4(2310 2330 2371 2351)
4(2350 2351 2371 2370)
4(2311 2331 2372 2352)
4(2351 2352 2372 2371)
4(2312 2332 2373 2353)
4(2352 2353 2373 2372)
4(2313 2333 2374 2354)
4(2353 2354 2374 2373)
4(2314 2334 2375 2355)
4(2354 2355 2375 2374)
4(2315 2335 2376 2356)
4(2355 2356 2376 2375)
4(2356 2357 2377 2376)
4(2338 2358 2399 2379)
3(2378 2379 2399)
4(2339 2359 2400 2380)
4(2379 2380 2400 2399)
4(2340 2360 2401 2381)
4(2380 2381 2401 2400)
4(2341 2361 2402 2382)
4(2381 2382 2402 2401)
4(2342 2362 2403 2383)
4(2382 2383 2403 2402)
4(2343 2363 2404 2384)
4(2383 2384 2404 2403)
4(2344 2364 2405 2385)
4(2384 2385 2405 2404)
4(2345 2365 2406 2386)
4(2385 2386 2406 2405)
4(2346 2366 2407 2387)
4(2386 2387 2407 2406)
4(2347 2367 2408 2388)
4(2387 2388 2408 2407)
4(2348 2368 2409 2389)
4(2388 2389 2409 2408)
4(2349 2369 2410 2390)
4(2389 2390 2410 2409)
4(2350 2370 2411 2391)
4(2390 2391 2411 2410)
4(2351 2371 2412 2392)
4(2391 2392 2412 2411)
4(2352 2372 2413 2393)
4(2392 2393 2413 2412)
4(2353 2373 2414 2394)
4(2393 2394 2414 2413)
4(2354 2374 2415 2395)
4(2394 2395 2415 2414)
4(2355 2375 2416 2396)
4(2395 2396 2416 2415)
4(2356 2376 2417 2397)
4(2396 2397 2417 2416)
4(2397 2398 2418 2417)
4(2379 2399 2440 2420)
3(2419 2420 2440)
4(2380 2400 2441 2421)
4(2420 2421 2441 2440)
4(2381 2401 2442 2422)
4(2421 2422 2442 2441)
4(2382 2402 2443 2423)
4(2422 2423 2443 2442)
4(2383 2403 2444 2424)
4(2423 2424 2444 2443)
4(2384 2404 2445 2425)
4(2424 2425 2445 2444)
4(2385 2405 2446 2426)
4(2425 2426 2446 2445)
4(2386 2406 2447 2427)
4(2426 2427 2447 2446)
4(2387 2407 2448 2428)
4(2427 2428 2448 2447)
4(2388 2408 2449 2429)
4(2428 2429 2449 2448)
4(2389 2409 2450 2430)
4(2429 2430 2450 2449)
4(2390 2410 2451 2431)
4(2430 2431 2451 2450)
4(2391 2411 2452 2432)
4(2431 2432 2452 2451)
4(2392 2412 2453 2433)
4(2432 2433 2453 2452)
4(2393 2413 2454 2434)
4(2433 2434 2454 2453)
4(2394 2414 2455 2435)
4(2434 2435 2455 2454)
4(2395 2415 2456 2436)
4(2435 2436 2456 2455)
4(2396 2416 2457 2437)
4(2436 2437 2457 2456)
4(2397 2417 2458 2438)
4(2437 2438 2458 2457)
4(2438 2439 2459 2458)
4(2420 2440 2481 2461)
3(2460 2461 2481)
4(2421 2441 2482 2462)
4(2461 2462 2482 2481)
4(2422 2442 2483 2463)
4(2462 2463 2483 2482)
4(2423 2443 2484 2464)
4(2463 2464 2484 2483)
4(2424 2444 2485 2465)
4(2464 2465 2485 2484)
4(2425 2445 2486 2466)
4(2465 2466 2486 2485)
4(2426 2446 2487 2467)
4(2466 2467 2487 2486)
4(2427 2447 2488 2468)
4(2467 2468 2488 2487)
4(2428 2448 2489 2469)
4(2468 2469 2489 2488)
4(2429 2449 2490 2470)
4(2469 2470 2490 2489)
4(2430 2450 2491 2471)
4(2470 2471 2491 2490)
4(2431 2451 2492 2472)
4(2471 2472 2492 2491)
4(2432 2452 2493 2473)
4(2472 2473 2493 2492)
4(2433 2453 2494 2474)
4(2473 2474 2494 2493)
4(2434 2454 2495 2475)
4(2474 2475 2495 2494)
4(2435 2455 2496 2476)
4(2475 2476 2496 2495)
4(2436 2456 2497 2477)
4(2476 2477 2497 2496)
4(2437 2457 2498 2478)
4(2477 2478 2498 2497)
4(2438 2458 2499 2479)
4(2478 2479 2499 2498)
4(2479 2480 2500 2499)
4(2461 2481 2522 2502)
3(2501 2502 2522)
4(2462 2482 2523 2503)
4(2502 2503 2523 2522)
4(2463 2483 2524 2504)
4(2503 2504 2524 2523)
4(2464 2484 2525 2505)
4(2504 2505 2525 2524)
4(2465 2485 2526 2506)
4(2505 2506 2526 2525)
4(2466 2486 2527 2507)
4(2506 2507 2527 2526)
4(2467 2487 2528 2508)
4(2507 2508 2528 2527)
4(2468 2488 2529 2509)
4(2508 2509 2529 2528)
4(2469 2489 2530 2510)
4(2509 2510 2530 2529)
4(2470 2490 2531 2511)
4(2510 2511 2531 2530)
4(2471 2491 2532 2512)
4(2511 2512 2532 2531)
4(2472 2492 2533 2513)
4(2512 2513 2533 2532)
4(2473 2493 2534 2514)
4(2513 2514 2534 2533)
4(2474 2494 2535 2515)
4(2514 2515 2535 2534)
4(2475 2495 2536 2516)
4(2515 2516 2536 2535)
4(2476 2496 2537 2517)
4(2516 2517 2537 2536)
4(2477 2497 2538 2518)
4(2517 2518 2538 2537)
4(2478 2498 2539 2519)
4(2518 2519 2539 2538)
4(2479 2499 2540 2520)
4(2519 2520 2540 2539)
4(2520 2521 2541 2540)
4(2502 2522 2563 2543)
3(2542 2543 2563)
4(2503 2523 2564 2544)
4(2543 2544 2564 2563)
4(2504 2524 2565 2545)
4(2544 2545 2565 2564)
4(2505 2525 2566 2546)
4(2545 2546 2566 2565)
4(2506 2526 2567 2547)
4(2546 2547 2567 2566)
4(2507 2527 2568 2548)
4(2547 2548 2568 2567)
4(2508 2528 2569 2549)
4(2548 2549 2569 2568)
4(2509 2529 2570 2550)
4(2549 2550 2570 2569)
4(2510 2530 2571 2551)
4(2550 2551 2571 2570)
4(2511 2531 2572 2552)
4(2551 2552 2572 2571)
4(2512 2532 2573 2553)
4(2552 2553 2573 2572)
4(2513 2533 2574 2554)
4(2553 2554 2574 2573)
4(2514 2534 2575 2555)
4(2554 2555 2575 2574)
4(2515 2535 2576 2556)
4(2555 2556 2576 2575)
4(2516 2536 2577 2557)
4(2556 2557 2577 2576)
4(2517 2537 2578 2558)
4(2557 2558 2578 2577)
4(2518 2538 2579 2559)
4(2558 2559 2579 2578)
4(2519 2539 2580 2560)
4(2559 2560 2580 2579)
4(2520 2540 2581 2561)
4(2560 2561 2581 2580)
4(2561 2562 2582 2581)
4(2543 2563 2604 2584)
3(2583 2584 2604)
4(2544 2564 2605 2585)
4(2584 2585 2605 2604)
4(2545 2565 2606 2586)
4(2585 2586 2606 2605)
4(2546 2566 2607 2587)
4(2586 2587 2607 2606)
4(2547 2567 2608 2588)
4(2587 2588 2608 2607)
4(2548 2568 2609 2589)
4(2588 2589 2609 2608)
4(2549 2569 2610 2590)
4(2589 2590 2610 2609)
4(2550 2570 2611 2591)
4(2590 2591 2611 2610)
4(2551 2571 2612 2592)
4(2591 2592 2612 2611)
4(2552 2572 2613 2593)
4(2592 2593 2613 2612)
4(2553 2573 2614 2594)
4(2593 2594 2614 2613)
4(2554 2574 2615 2595)
4(2594 2595 2615 2614)
4(2555 2575 2616 2596)
4(2595 2596 2616 2615)
4(2556 2576 2617 2597)
4(2596 2597 2617 2616)
4(2557 2577 2618 2598)
4(2597 2598 2618 2617)
4(2558 2578 2619 2599)
4(2598 2599 2619 2618)
4(2559 2579 2620 2600)
4(2599 2600 2620 2619)
4(2560 2580 2621 2601)
4(2600 2601 2621 2620)
4(2561 2581 2622 2602)
4(2601 2602 2622 2621)
4(2602 2603 2623 2622)
4(2584 2604 2645 2625)
3(2624 2625 2645)
4(2585 2605 2646 2626)
4(2625 2626 2646 2645)
4(2586 2606 2647 2627)
4(2626 2627 2647 2646)
4(2587 2607 2648 2628)
4(2627 2628 2648 2647)
4(2588 2608 2649 2629)
4(2628 2629 2649 2648)
4(2589 2609 2650 2630)
4(2629 2630 2650 2649)
4(2590 2610 2651 2631)
4(2630 2631 2651 2650)
4(2591 2611 2652 2632)
4(2631 2632 2652 2651)
4(2592 2612 2653 2633)
4(2632 2633 2653 2652)
4(2593 2613 2654 2634)
4(2633 2634 2654 2653)
4(2594 2614 2655 2635)
4(2634 2635 2655 2654)
4(2595 2615 2656 2636)
4(2635 2636 2656 2655)
4(2596 2616 2657 2637)
4(2636 2637 2657 2656)
4(2597 2617 2658 2638)
4(2637 2638 2658 2657)
4(2598 2618 2659 2639)
4(2638 2639 2659 2658)
4(2599 2619 2660 2640)
4(2639 2640 2660 2659)
4(2600 2620 2661 2641)
4(2640 2641 2661 2660)
4(2601 2621 2662 2642)
4(2641 2642 2662 2661)
4(2602 2622 2663 2643)
4(2642 2643 2663 2662)
4(2643 2644 2664 2663)
4(2625 2645 2686 2666)
3(2665 2666 2686)
4(2626 2646 2687 2667)
4(2666 2667 2687 2686)
4(2627 2647 2688 2668)
4(2667 2668 2688 2687)
4(2628 2648 2689 2669)
4(2668 2669 2689 2688)
4(2629 2649 2690 2670)
4(2669 2670 2690 2689)
4(2630 2650 2691 2671)
4(2670 2671 2691 2690)
4(2631 2651 2692 2672)
4(2671 2672 2692 2691)
4(2632 2652 2693 2673)
4(2672 2673 2693 2692)
4(2633 2653 2694 2674)
4(2673 2674 2694 2693)
4(2634 2654 2695 2675)
4(2674 2675 2695 2694)
4(2635 2655 2696 2676)
4(2675 2676 2696 2695)
4(2636 2656 2697 2677)
4(2676 2677 2697 2696)
4(2637 2657 2698 2678)
4(2677 2678 2698 2697)
4(2638 2658 2699 2679)
4(2678 2679 2699 2698)
4(2639 2659 2700 2680)
4(2679 2680 2700 2699)
4(2640 2660 2701 2681)
4(2680 2681 2701 2700)
4(2641 2661 2702 2682)
4(2681 2682 2702 2701)
4(2642 2662 2703 2683)
4(2682 2683 2703 2702)
4(2643 2663 2704 2684)
4(2683 2684 2704 2703)
4(2684 2685 2705 2704)
4(2666 2686 2727 2707)
3(2706 2707 2727)
4(2667 2687 2728 2708)
4(2707 2708 2728 2727)
4(2668 2688 2729 2709)
4(2708 2709 2729 2728)
4(2669 2689 2730 2710)
4(2709 2710 2730 2729)
4(2670 2690 2731 2711)
4(2710 2711 2731 2730)
4(2671 2691 2732 2712)
4(2711 2712 2732 2731)
4(2672 2692 2733 2713)
4(2712 2713 2733 2732)
4(2673 2693 2734 2714)
4(2713 2714 2734 2733)
4(2674 2694 2735 2715)
4(2714 2715 2735 2734)
4(2675 2695 2736 2716)
4(2715 2716 2736 2735)
4(2676 2696 2737 2717)
4(2716 2717 2737 2736)
4(2677 2697 2738 2718)
4(2717 2718 2738 2737)
4(2678 2698 2739 2719)
4(2718 2719 2739 2738)
4(2679 2699 2740 2720)
4(2719 2720 2740 2739)
4(2680 2700 2741 2721)
4(2720 2721 2741 2740)
4(2681 2701 2742 2722)
4(2721 2722 2742 2741)
4(2682 2702 2743 2723)
4(2722 2723 2743 2742)
4(2683 2703 2744 2724)
4(2723 2724 2744 2743)
4(2684 2704 2745 2725)
4(2724 2725 2745 2744)
4(2725 2726 2746 2745)
4(2707 2727 2768 2748)
3(2747 2748 2768)
4(2708 2728 2769 2749)
4(2748 2749 2769 2768)
4(2709 2729 2770 2750)
4(2749 2750 2770 2769)
4(2710 2730 2771 2751)
4(2750 2751 2771 2770)
4(2711 2731 2772 2752)
4(2751 2752 2772 2771)
4(2712 2732 2773 2753)
4(2752 2753 2773 2772)
4(2713 2733 2774 2754)
4(2753 2754 2774 2773)
4(2714 2734 2775 2755)
4(2754 2755 2775 2774)
4(2715 2735 2776 2756)
4(2755 2756 2776 2775)
4(2716 2736 2777 2757)
4(2756 2757 2777 2776)
4(2717 2737 2778 2758)
4(2757 2758 2778 2777)
4(2718 2738 2779 2759)
4(2758 2759 2779 2778)
4(2719 2739 2780 2760)
4(2759 2760 2780 2779)
4(2720 2740 2781 2761)
4(2760 2761 2781 2780)
4(2721 2741 2782 2762)
4(2761 2762 2782 2781)
4(2722 2742 2783 2763)
4(2762 2763 2783 2782)
4(2723 2743 2784 2764)
4(2763 2764 2784 2783)
4(2724 2744 2785 2765)
4(2764 2765 2785 2784)
4(2725 2745 2786 2766)
4(2765 2766 2786 2785)
4(2766 2767 2787 2786)
4(2748 2768 2809 2789)
3(2788 2789 2809)
4(2749 2769 2810 2790)
4(2789 2790 2810 2809)
4(2750 2770 2811 2791)
4(2790 2791 2811 2810)
4(2751 2771 2812 2792)
4(2791 2792 2812 2811)
4(2752 2772 2813 2793)
4(2792 2793 2813 2812)
4(2753 2773 2814 2794)
4(2793 2794 2814 2813)
4(2754 2774 2815 2795)
4(2794 2795 2815 2814)
4(2755 2775 2816 2796)
4(2795 2796 2816 2815)
4(2756 2776 2817 2797)
4(2796 2797 2817 2816)
4(2757 2777 2818 2798)
4(2797 2798 2818 2817)
4(2758 2778 2819 2799)
4(2798 2799 2819 2818)
4(2759 2779 2820 2800)
4(2799 2800 2820 2819)
4(2760 2780 2821 2801)
4(2800 2801 2821 2820)
4(2761 2781 2822 2802)
4(2801 2802 2822 2821)
4(2762 2782 2823 2803)
4(2802 2803 2823 2822)
4(2763 2783 2824 2804)
4(2803 2804 2824 2823)
4(2764 2784 2825 2805)
4(2804 2805 2825 2824)
4(2765 2785 2826 2806)
4(2805 2806 2826 2825)
4(2766 2786 2827 2807)
4(2806 2807 2827 2826)
4(2807 2808 2828 2827)
4(2789 2809 2850 2830)
3(2829 2830 2850)
4(2790 2810 2851 2831)
4(2830 2831 2851 2850)
4(2791 2811 2852 2832)
4(2831 2832 2852 2851)
4(2792 2812 2853 2833)
4(2832 2833 2853 2852)
4(2793 2813 2854 2834)
4(2833 2834 2854 2853)
4(2794 2814 2855 2835)
4(2834 2835 2855 2854)
4(2795 2815 2856 2836)
4(2835 2836 2856 2855)
4(2796 2816 2857 2837)
4(2836 2837 2857 2856)
4(2797 2817 2858 2838)
4(2837 2838 2858 2857)
4(2798 2818 2859 2839)
4(2838 2839 2859 2858)
4(2799 2819 2860 2840)
4(2839 2840 2860 2859)
4(2800 2820 2861 2841)
4(2840 2841 2861 2860)
4(2801 2821 2862 2842)
4(2841 2842 2862 2861)
4(2802 2822 2863 2843)
4(2842 2843 2863 2862)
4(2803 2823 2864 2844)
4(2843 2844 2864 2863)
4(2804 2824 2865 2845)
4(2844 2845 2865 2864)
4(2805 2825 2866 2846)
4(2845 2846 2866 2865)
4(2806 2826 2867 2847)
4(2846 2847 2867 2866)
4(2807 2827 2868 2848)
4(2847 2848 2868 2867)
4(2848 2849 2869 2868)
4(2830 2850 2891 2871)
3(2870 2871 2891)
4(2831 2851 2892 2872)
4(2871 2872 2892 2891)
4(2832 2852 2893 2873)
4(2872 2873 2893 2892)
4(2833 2853 2894 2874)
4(2873 2874 2894 2893)
4(2834 2854 2895 2875)
4(2874 2875 2895 2894)
4(2835 2855 2896 2876)
4(2875 2876 2896 2895)
4(2836 2856 2897 2877)
4(2876 2877 2897 2896)
4(2837 2857 2898 2878)
4(2877 2878 2898 2897)
4(2838 2858 2899 2879)
4(2878 2879 2899 2898)
4(2839 2859 2900 2880)
4(2879 2880 2900 2899)
4(2840 2860 2901 2881)
4(2880 2881 2901 2900)
4(2841 2861 2902 2882)
4(2881 2882 2902 2901)
4(2842 2862 2903 2883)
4(2882 2883 2903 2902)
4(2843 2863 2904 2884)
4(2883 2884 2904 2903)
4(2844 2864 2905 2885)
4(2884 2885 2905 2904)
4(2845 2865 2906 2886)
4(2885 2886 2906 2905)
4(2846 2866 2907 2887)
4(2886 2887 2907 2906)
4(2847 2867 2908 2888)
4(2887 2888 2908 2907)
4(2848 2868 2909 2889)
4(2888 2889 2909 2908)
4(2889 2890 2910 2909)
4(2871 2891 2932 2912)
3(2911 2912 2932)
4(2872 2892 2933 2913)
4(2912 2913 2933 2932)
4(2873 2893 2934 2914)
4(2913 2914 2934 2933)
4(2874 2894 2935 2915)
4(2914 2915 2935 2934)
4(2875 2895 2936 2916)
4(2915 2916 2936 2935)
4(2876 2896 2937 2917)
4(2916 2917 2937 2936)
4(2877 2897 2938 2918)
4(2917 2918 2938 2937)
4(2878 2898 2939 2919)
4(2918 2919 2939 2938)
4(2879 2899 2940 2920)
4(2919 2920 2940 2939)
4(2880 2900 2941 2921)
4(2920 2921 2941 2940)
4(2881 2901 2942 2922)
4(2921 2922 2942 2941)
4(2882 2902 2943 2923)
4(2922 2923 2943 2942)
4(2883 2903 2944 2924)
4(2923 2924 2944 2943)
4(2884 2904 2945 2925)
4(2924 2925 2945 2944)
4(2885 2905 2946 2926)
4(2925 2926 2946 2945)
4(2886 2906 2947 2927)
4(2926 2927 2947 2946)
4(2887 2907 2948 2928)
4(2927 2928 2948 2947)
4(2888 2908 2949 2929)
4(2928 2929 2949 2948)
4(2889 2909 2950 2930)
4(2929 2930 2950 2949)
4(2930 2931 2951 2950)
4(2912 2932 2973 2953)
3(2952 2953 2973)
4(2913 2933 2974 2954)
4(2953 2954 2974 2973)
4(2914 2934 2975 2955)
4(2954 2955 2975 2974)
4(2915 2935 2976 2956)
4(2955 2956 2976 2975)
4(2916 2936 2977 2957)
4(2956 2957 2977 2976)
4(2917 2937 2978 2958)
4(2957 2958 2978 2977)
4(2918 2938 2979 2959)
4(2958 2959 2979 2978)
4(2919 2939 2980 2960)
4(2959 2960 2980 2979)
4(2920 2940 2981 2961)
4(2960 2961 2981 2980)
4(2921 2941 2982 2962)
4(2961 2962 2982 2981)
4(2922 2942 2983 2963)
4(2962 2963 2983 2982)
4(2923 2943 2984 2964)
4(2963 2964 2984 2983)
4(2924 2944 2985 2965)
4(2964 2965 2985 2984)
4(2925 2945 2986 2966)
4(2965 2966 2986 2985)
4(2926 2946 2987 2967)
4(2966 2967 2987 2986)
4(2927 2947 2988 2968)
4(2967 2968 2988 2987)
4(2928 2948 2989 2969)
4(2968 2969 2989 2988)
4(2929 2949 2990 2970)
4(2969 2970 2990 2989)
4(2930 2950 2991 2971)
4(2970 2971 2991 2990)
4(2971 2972 2992 2991)
4(2953 2973 3014 2994)
3(2993 2994 3014)
4(2954 2974 3015 2995)
4(2994 2995 3015 3014)
4(2955 2975 3016 2996)
4(2995 2996 3016 3015)
4(2956 2976 3017 2997)
4(2996 2997 3017 3016)
4(2957 2977 3018 2998)
4(2997 2998 3018 3017)
4(2958 2978 3019 2999)
4(2998 2999 3019 3018)
4(2959 2979 3020 3000)
4(2999 3000 3020 3019)
4(2960 2980 3021 3001)
4(3000 3001 3021 3020)
4(2961 2981 3022 3002)
4(3001 3002 3022 3021)
4(2962 2982 3023 3003)
4(3002 3003 3023 3022)
4(2963 2983 3024 3004)
4(3003 3004 3024 3023)
4(2964 2984 3025 3005)
4(3004 3005 3025 3024)
4(2965 2985 3026 3006)
4(3005 3006 3026 3025)
4(2966 2986 3027 3007)
4(3006 3007 3027 3026)
4(2967 2987 3028 3008)
4(3007 3008 3028 3027)
4(2968 2988 3029 3009)
4(3008 3009 3029 3028)
4(2969 2989 3030 3010)
4(3009 3010 3030 3029)
4(2970 2990 3031 3011)
4(3010 3011 3031 3030)
4(2971 2991 3032 3012)
4(3011 3012 3032 3031)
4(3012 3013 3033 3032)
4(2994 3014 3055 3035)
3(3034 3035 3055)
4(2995 3015 3056 3036)
4(3035 3036 3056 3055)
4(2996 3016 3057 3037)
4(3036 3037 3057 3056)
4(2997 3017 3058 3038)
4(3037 3038 3058 3057)
4(2998 3018 3059 3039)
4(3038 3039 3059 3058)
4(2999 3019 3060 3040)
4(3039 3040 3060 3059)
4(3000 3020 3061 3041)
4(3040 3041 3061 3060)
4(3001 3021 3062 3042)
4(3041 3042 3062 3061)
4(3002 3022 3063 3043)
4(3042 3043 3063 3062)
4(3003 3023 3064 3044)
4(3043 3044 3064 3063)
4(3004 3024 3065 3045)
4(3044 3045 3065 3064)
4(3005 3025 3066 3046)
4(3045 3046 3066 3065)
4(3006 3026 3067 3047)
4(3046 3047 3067 3066)
4(3007 3027 3068 3048)
4(3047 3048 3068 3067)
4(3008 3028 3069 3049)
4(3048 3049 3069 3068)
4(3009 3029 3070 3050)
4(3049 3050 3070 3069)
4(3010 3030 3071 3051)
4(3050 3051 3071 3070)
4(3011 3031 3072 3052)
4(3051 3052 3072 3071)
4(3012 3032 3073 3053)
4(3052 3053 3073 3072)
4(3053 3054 3074 3073)
4(3035 3055 3096 3076)
3(3075 3076 3096)
4(3036 3056 3097 3077)
4(3076 3077 3097 3096)
4(3037 3057 3098 3078)
4(3077 3078 3098 3097)
4(3038 3058 3099 3079)
4(3078 3079 3099 3098)
4(3039 3059 3100 3080)
4(3079 3080 3100 3099)
4(3040 3060 3101 3081)
4(3080 3081 3101 3100)
4(3041 3061 3102 3082)
4(3081 3082 3102 3101)
4(3042 3062 3103 3083)
4(3082 3083 3103 3102)
4(3043 3063 3104 3084)
4(3083 3084 3104 3103)
4(3044 3064 3105 3085)
4(3084 3085 3105 3104)
4(3045 3065 3106 3086)
4(3085 3086 3106 3105)
4(3046 3066 3107 3087)
4(3086 3087 3107 3106)
4(3047 3067 3108 3088)
4(3087 3088 3108 3107)
4(3048 3068 3109 3089)
4(3088 3089 3109 3108)
4(3049 3069 3110 3090)
4(3089 3090 3110 3109)
4(3050 3070 3111 3091)
4(3090 3091 3111 3110)
4(3051 3071 3112 3092)
4(3091 3092 3112 3111)
4(3052 3072 3113 3093)
4(3092 3093 3113 3112)
4(3053 3073 3114 3094)
4(3093 3094 3114 3113)
4(3094 3095 3115 3114)
4(3076 3096 3137 3117)
3(3116 3117 3137)
4(3077 3097 3138 3118)
4(3117 3118 3138 3137)
4(3078 3098 3139 3119)
4(3118 3119 3139 3138)
4(3079 3099 3140 3120)
4(3119 3120 3140 3139)
4(3080 3100 3141 3121)
4(3120 3121 3141 3140)
4(3081 3101 3142 3122)
4(3121 3122 3142 3141)
4(3082 3102 3143 3123)
4(3122 3123 3143 3142)
4(3083 3103 3144 3124)
4(3123 3124 3144 3143)
4(3084 3104 3145 3125)
4(3124 3125 3145 3144)
4(3085 3105 3146 3126)
4(3125 3126 3146 3145)
4(3086 3106 3147 3127)
4(3126 3127 3147 3146)
4(3087 3107 3148 3128)
4(3127 3128 3148 3147)
4(3088 3108 3149 3129)
4(3128 3129 3149 3148)
4(3089 3109 3150 3130)
4(3129 3130 3150 3149)
4(3090 3110 3151 3131)
4(3130 3131 3151 3150)
4(3091 3111 3152 3132)
4(3131 3132 3152 3151)
4(3092 3112 3153 3133)
4(3132 3133 3153 3152)
4(3093 3113 3154 3134)
4(3133 3134 3154 3153)
4(3094 3114 3155 3135)
4(3134 3135 3155 3154)
4(3135 3136 3156 3155)
4(3117 3137 3178 3158)
3(3157 3158 3178)
4(3118 3138 3179 3159)
4(3158 3159 3179 3178)
4(3119 3139 3180 3160)
4(3159 3160 3180 3179)
4(3120 3140 3181 3161)
4(3160 3161 3181 3180)
4(3121 3141 3182 3162)
4(3161 3162 3182 3181)
4(3122 3142 3183 3163)
4(3162 3163 3183 3182)
4(3123 3143 3184 3164)
4(3163 3164 3184 3183)
4(3124 3144 3185 3165)
4(3164 3165 3185 3184)
4(3125 3145 3186 3166)
4(3165 3166 3186 3185)
4(3126 3146 3187 3167)
4(3166 3167 3187 3186)
4(3127 3147 3188 3168)
4(3167 3168 3188 3187)
4(3128 3148 3189 3169)
4(3168 3169 3189 3188)
4(3129 3149 3190 3170)
4(3169 3170 3190 3189)
4(3130 3150 3191 3171)
4(3170 3171 3191 3190)
4(3131 3151 3192 3172)
4(3171 3172 3192 3191)
4(3132 3152 3193 3173)
4(3172 3173 3193 3192)
4(3133 3153 3194 3174)
4(3173 3174 3194 3193)
4(3134 3154 3195 3175)
4(3174 3175 3195 3194)
4(3135 3155 3196 3176)
4(3175 3176 3196 3195)
4(3176 3177 3197 3196)
4(3158 3178 3219 3199)
3(3198 3199 3219)
4(3159 3179 3220 3200)
4(3199 3200 3220 3219)
4(3160 3180 3221 3201)
4(3200 3201 3221 3220)
4(3161 3181 3222 3202)
4(3201 3202 3222 3221)
4(3162 3182 3223 3203)
4(3202 3203 3223 3222)
4(3163 3183 3224 3204)
4(3203 3204 3224 3223)
4(3164 3184 3225 3205)
4(3204 3205 3225 3224)
4(3165 3185 3226 3206)
4(3205 3206 3226 3225)
4(3166 3186 3227 3207)
4(3206 3207 3227 3226)
4(3167 3187 3228 3208)
4(3207 3208 3228 3227)
4(3168 3188 3229 3209)
4(3208 3209 3229 3228)
4(3169 3189 3230 3210)
4(3209 3210 3230 3229)
4(3170 3190 3231 3211)
4(3210 3211 3231 3230)
4(3171 3191 3232 3212)
4(3211 3212 3232 3231)
4(3172 3192 3233 3213)
4(3212 3213 3233 3232)
4(3173 3193 3234 3214)
4(3213 3214 3234 3233)
4(3174 3194 3235 3215)
4(3214 3215 3235 3234)
4(3175 3195 3236 3216)
4(3215 3216 3236 3235)
4(3176 3196 3237 3217)
4(3216 3217 3237 3236)
4(3217 3218 3238 3237)
4(3199 3219 3260 3240)
3(3239 3240 3260)
4(3200 3220 3261 3241)
4(3240 3241 3261 3260)
4(3201 3221 3262 3242)
4(3241 3242 3262 3261)
4(3202 3222 3263 3243)
4(3242 3243 3263 3262)
4(3203 3223 3264 3244)
4(3243 3244 3264 3263)
4(3204 3224 3265 3245)
4(3244 3245 3265 3264)
4(3205 3225 3266 3246)
4(3245 3246 3266 3265)
4(3206 3226 3267 3247)
4(3246 3247 3267 3266)
4(3207 3227 3268 3248)
4(3247 3248 3268 3267)
4(3208 3228 3269 3249)
4(3248 3249 3269 3268)
4(3209 3229 3270 3250)
4(3249 3250 3270 3269)
4(3210 3230 3271 3251)
4(3250 3251 3271 3270)
4(3211 3231 3272 3252)
4(3251 3252 3272 3271)
4(3212 3232 3273 3253)
4(3252 3253 3273 3272)
4(3213 3233 3274 3254)
4(3253 3254 3274 3273)
4(3214 3234 3275 3255)
4(3254 3255 3275 3274)
4(3215 3235 3276 3256)
4(3255 3256 3276 3275)
4(3216 3236 3277 3257)
4(3256 3257 3277 3276)
4(3217 3237 3278 3258)
4(3257 3258 3278 3277)
4(3258 3259 3279 3278)
4(3240 3260 3301 3281)
4(3241 3261 3302 3282)
4(3242 3262 3303 3283)
4(3243 3263 3304 3284)
4(3244 3264 3305 3285)
4(3245 3265 3306 3286)
4(3246 3266 3307 3287)
4(3247 3267 3308 3288)
4(3248 3268 3309 3289)
4(3249 3269 3310 3290)
4(3250 3270 3311 3291)
4(3251 3271 3312 3292)
4(3252 3272 3313 3293)
4(3253 3273 3314 3294)
4(3254 3274 3315 3295)
4(3255 3275 3316 3296)
4(3256 3276 3317 3297)
4(3257 3277 3318 3298)
4(3258 3278 3319 3299)
3(0 21 1)
4(1 21 22 2)
4(2 22 23 3)
4(3 23 24 4)
4(4 24 25 5)
4(5 25 26 6)
4(6 26 27 7)
4(7 27 28 8)
4(8 28 29 9)
4(9 29 30 10)
4(10 30 31 11)
4(11 31 32 12)
4(12 32 33 13)
4(13 33 34 14)
4(14 34 35 15)
4(15 35 36 16)
4(16 36 37 17)
4(17 37 38 18)
4(18 38 39 19)
4(19 39 40 20)
3(3280 3281 3301)
4(3281 3282 3302 3301)
4(3282 3283 3303 3302)
4(3283 3284 3304 3303)
4(3284 3285 3305 3304)
4(3285 3286 3306 3305)
4(3286 3287 3307 3306)
4(3287 3288 3308 3307)
4(3288 3289 3309 3308)
4(3289 3290 3310 3309)
4(3290 3291 3311 3310)
4(3291 3292 3312 3311)
4(3292 3293 3313 3312)
4(3293 3294 3314 3313)
4(3294 3295 3315 3314)
4(3295 3296 3316 3315)
4(3296 3297 3317 3316)
4(3297 3298 3318 3317)
4(3298 3299 3319 3318)
4(3299 3300 3320 3319)
4(20 40 81 61)
4(61 81 122 102)
4(102 122 163 143)
4(143 163 204 184)
4(184 204 245 225)
4(225 245 286 266)
4(266 286 327 307)
4(307 327 368 348)
4(348 368 409 389)
4(389 409 450 430)
4(430 450 491 471)
4(471 491 532 512)
4(512 532 573 553)
4(553 573 614 594)
4(594 614 655 635)
4(635 655 696 676)
4(676 696 737 717)
4(717 737 778 758)
4(758 778 819 799)
4(799 819 860 840)
4(840 860 901 881)
4(881 901 942 922)
4(922 942 983 963)
4(963 983 1024 1004)
4(1004 1024 1065 1045)
4(1045 1065 1106 1086)
4(1086 1106 1147 1127)
4(1127 1147 1188 1168)
4(1168 1188 1229 1209)
4(1209 1229 1270 1250)
4(1250 1270 1311 1291)
4(1291 1311 1352 1332)
4(1332 1352 1393 1373)
4(1373 1393 1434 1414)
4(1414 1434 1475 1455)
4(1455 1475 1516 1496)
4(1496 1516 1557 1537)
4(1537 1557 1598 1578)
4(1578 1598 1639 1619)
4(1619 1639 1680 1660)
4(1660 1680 1721 1701)
4(1701 1721 1762 1742)
4(1742 1762 1803 1783)
4(1783 1803 1844 1824)
4(1824 1844 1885 1865)
4(1865 1885 1926 1906)
4(1906 1926 1967 1947)
4(1947 1967 2008 1988)
4(1988 2008 2049 2029)
4(2029 2049 2090 2070)
4(2070 2090 2131 2111)
4(2111 2131 2172 2152)
4(2152 2172 2213 2193)
4(2193 2213 2254 2234)
4(2234 2254 2295 2275)
4(2275 2295 2336 2316)
4(2316 2336 2377 2357)
4(2357 2377 2418 2398)
4(2398 2418 2459 2439)
4(2439 2459 2500 2480)
4(2480 2500 2541 2521)
4(2521 2541 2582 2562)
4(2562 2582 2623 2603)
4(2603 2623 2664 2644)
4(2644 2664 2705 2685)
4(2685 2705 2746 2726)
4(2726 2746 2787 2767)
4(2767 2787 2828 2808)
4(2808 2828 2869 2849)
4(2849 2869 2910 2890)
4(2890 2910 2951 2931)
4(2931 2951 2992 2972)
4(2972 2992 3033 3013)
4(3013 3033 3074 3054)
4(3054 3074 3115 3095)
4(3095 3115 3156 3136)
4(3136 3156 3197 3177)
4(3177 3197 3238 3218)
4(3218 3238 3279 3259)
4(3259 3279 3320 3300)
4(0 1 42 41)
4(41 42 83 82)
4(82 83 124 123)
4(123 124 165 164)
4(164 165 206 205)
4(205 206 247 246)
4(246 247 288 287)
4(287 288 329 328)
4(328 329 370 369)
4(369 370 411 410)
4(410 411 452 451)
4(451 452 493 492)
4(492 493 534 533)
4(533 534 575 574)
4(574 575 616 615)
4(615 616 657 656)
4(656 657 698 697)
4(697 698 739 738)
4(738 739 780 779)
4(779 780 821 820)
4(820 821 862 861)
4(861 862 903 902)
4(902 903 944 943)
4(943 944 985 984)
4(984 985 1026 1025)
4(1025 1026 1067 1066)
4(1066 1067 1108 1107)
4(1107 1108 1149 1148)
4(1148 1149 1190 1189)
4(1189 1190 1231 1230)
4(1230 1231 1272 1271)
4(1271 1272 1313 1312)
4(1312 1313 1354 1353)
4(1353 1354 1395 1394)
4(1394 1395 1436 1435)
4(1435 1436 1477 1476)
4(1476 1477 1518 1517)
4(1517 1518 1559 1558)
4(1558 1559 1600 1599)
4(1599 1600 1641 1640)
4(1640 1641 1682 1681)
4(1681 1682 1723 1722)
4(1722 1723 1764 1763)
4(1763 1764 1805 1804)
4(1804 1805 1846 1845)
4(1845 1846 1887 1886)
4(1886 1887 1928 1927)
4(1927 1928 1969 1968)
4(1968 1969 2010 2009)
4(2009 2010 2051 2050)
4(2050 2051 2092 2091)
4(2091 2092 2133 2132)
4(2132 2133 2174 2173)
4(2173 2174 2215 2214)
4(2214 2215 2256 2255)
4(2255 2256 2297 2296)
4(2296 2297 2338 2337)
4(2337 2338 2379 2378)
4(2378 2379 2420 2419)
4(2419 2420 2461 2460)
4(2460 2461 2502 2501)
4(2501 2502 2543 2542)
4(2542 2543 2584 2583)
4(2583 2584 2625 2624)
4(2624 2625 2666 2665)
4(2665 2666 2707 2706)
4(2706 2707 2748 2747)
4(2747 2748 2789 2788)
4(2788 2789 2830 2829)
4(2829 2830 2871 2870)
4(2870 2871 2912 2911)
4(2911 2912 2953 2952)
4(2952 2953 2994 2993)
4(2993 2994 3035 3034)
4(3034 3035 3076 3075)
4(3075 3076 3117 3116)
4(3116 3117 3158 3157)
4(3157 3158 3199 3198)
4(3198 3199 3240 3239)
4(3239 3240 3281 3280)
4(1 2 43 42)
4(42 43 84 83)
4(83 84 125 124)
4(124 125 166 165)
4(165 166 207 206)
4(206 207 248 247)
4(247 248 289 288)
4(288 289 330 329)
4(329 330 371 370)
4(370 371 412 411)
4(411 412 453 452)
4(452 453 494 493)
4(493 494 535 534)
4(534 535 576 575)
4(575 576 617 616)
4(616 617 658 657)
4(657 658 699 698)
4(698 699 740 739)
4(739 740 781 780)
4(780 781 822 821)
4(821 822 863 862)
4(862 863 904 903)
4(903 904 945 944)
4(944 945 986 985)
4(985 986 1027 1026)
4(1026 1027 1068 1067)
4(1067 1068 1109 1108)
4(1108 1109 1150 1149)
4(1149 1150 1191 1190)
4(1190 1191 1232 1231)
4(1231 1232 1273 1272)
4(1272 1273 1314 1313)
4(1313 1314 1355 1354)
4(1354 1355 1396 1395)
4(1395 1396 1437 1436)
4(1436 1437 1478 1477)
4(1477 1478 1519 1518)
4(1518 1519 1560 1559)
4(1559 1560 1601 1600)
4(1600 1601 1642 1641)
4(1641 1642 1683 1682)
4(1682 1683 1724 1723)
4(1723 1724 1765 1764)
4(1764 1765 1806 1805)
4(1805 1806 1847 1846)
4(1846 1847 1888 1887)
4(1887 1888 1929 1928)
4(1928 1929 1970 1969)
4(1969 1970 2011 2010)
4(2010 2011 2052 2051)
4(2051 2052 2093 2092)
4(2092 2093 2134 2133)
4(2133 2134 2175 2174)
4(2174 2175 2216 2215)
4(2215 2216 2257 2256)
4(2256 2257 2298 2297)
4(2297 2298 2339 2338)
4(2338 2339 2380 2379)
4(2379 2380 2421 2420)
4(2420 2421 2462 2461)
4(2461 2462 2503 2502)
4(2502 2503 2544 2543)
4(2543 2544 2585 2584)
4(2584 2585 2626 2625)
4(2625 2626 2667 2666)
4(2666 2667 2708 2707)
4(2707 2708 2749 2748)
4(2748 2749 2790 2789)
4(2789 2790 2831 2830)
4(2830 2831 2872 2871)
4(2871 2872 2913 2912)
4(2912 2913 2954 2953)
4(2953 2954 2995 2994)
4(2994 2995 3036 3035)
4(3035 3036 3077 3076)
4(3076 3077 3118 3117)
4(3117 3118 3159 3158)
4(3158 3159 3200 3199)
4(3199 3200 3241 3240)
4(3240 3241 3282 3281)
4(2 3 44 43)
4(43 44 85 84)
4(84 85 126 125)
4(125 126 167 166)
4(166 167 208 207)
4(207 208 249 248)
4(248 249 290 289)
4(289 290 331 330)
4(330 331 372 371)
4(371 372 413 412)
4(412 413 454 453)
4(453 454 495 494)
4(494 495 536 535)
4(535 536 577 576)
4(576 577 618 617)
4(617 618 659 658)
4(658 659 700 699)
4(699 700 741 740)
4(740 741 782 781)
4(781 782 823 822)
4(822 823 864 863)
4(863 864 905 904)
4(904 905 946 945)
4(945 946 987 986)
4(986 987 1028 1027)
4(1027 1028 1069 1068)
4(1068 1069 1110 1109)
4(1109 1110 1151 1150)
4(1150 1151 1192 1191)
4(1191 1192 1233 1232)
4(1232 1233 1274 1273)
4(1273 1274 1315 1314)
4(1314 1315 1356 1355)
4(1355 1356 1397 1396)
4(1396 1397 1438 1437)
4(1437 1438 1479 1478)
4(1478 1479 1520 1519)
4(1519 1520 1561 1560)
4(1560 1561 1602 1601)
4(1601 1602 1643 1642)
4(1642 1643 1684 1683)
4(1683 1684 1725 1724)
4(1724 1725 1766 1765)
4(1765 1766 1807 1806)
4(1806 1807 1848 1847)
4(1847 1848 1889 1888)
4(1888 1889 1930 1929)
4(1929 1930 1971 1970)
4(1970 1971 2012 2011)
4(2011 2012 2053 2052)
4(2052 2053 2094 2093)
4(2093 2094 2135 2134)
4(2134 2135 2176 2175)
4(2175 2176 2217 2216)
4(2216 2217 2258 2257)
4(2257 2258 2299 2298)
4(2298 2299 2340 2339)
4(2339 2340 2381 2380)
4(2380 2381 2422 2421)
4(2421 2422 2463 2462)
4(2462 2463 2504 2503)
4(2503 2504 2545 2544)
4(2544 2545 2586 2585)
4(2585 2586 2627 2626)
4(2626 2627 2668 2667)
4(2667 2668 2709 2708)
4(2708 2709 2750 2749)
4(2749 2750 2791 2790)
4(2790 2791 2832 2831)
4(2831 2832 2873 2872)
4(2872 2873 2914 2913)
4(2913 2914 2955 2954)
4(2954 2955 2996 2995)
4(2995 2996 3037 3036)
4(3036 3037 3078 3077)
4(3077 3078 3119 3118)
4(3118 3119 3160 3159)
4(3159 3160 3201 3200)
4(3200 3201 3242 3241)
4(3241 3242 3283 3282)
4(3 4 45 44)
4(44 45 86 85)
4(85 86 127 126)
4(126 127 168 167)
4(167 168 209 208)
4(208 209 250 249)
4(249 250 291 290)
4(290 291 332 331)
4(331 332 373 372)
4(372 373 414 413)
4(413 414 455 454)
4(454 455 496 495)
4(495 496 537 536)
4(536 537 578 577)
4(577 578 619 618)
4(618 619 660 659)
4(659 660 701 700)
4(700 701 742 741)
4(741 742 783 782)
4(782 783 824 823)
4(823 824 865 864)
4(864 865 906 905)
4(905 906 947 946)
4(946 947 988 987)
4(987 988 1029 1028)
4(1028 1029 1070 1069)
4(1069 1070 1111 1110)
4(1110 1111 1152 1151)
4(1151 1152 1193 1192)
4(1192 1193 1234 1233)
4(1233 1234 1275 1274)
4(1274 1275 1316 1315)
4(1315 1316 1357 1356)
4(1356 1357 1398 1397)
4(1397 1398 1439 1438)
4(1438 1439 1480 1479)
4(1479 1480 1521 1520)
4(1520 1521 1562 1561)
4(1561 1562 1603 1602)
4(1602 1603 1644 1643)
4(1643 1644 1685 1684)
4(1684 1685 1726 1725)
4(1725 1726 1767 1766)
4(1766 1767 1808 1807)
4(1807 1808 1849 1848)
4(1848 1849 1890 1889)
4(1889 1890 1931 1930)
4(1930 1931 1972 1971)
4(1971 1972 2013 2012)
4(2012 2013 2054 2053)
4(2053 2054 2095 2094)
4(2094 2095 2136 2135)
4(2135 2136 2177 2176)
4(2176 2177 2218 2217)
4(2217 2218 2259 2258)
4(2258 2259 2300 2299)
4(2299 2300 2341 2340)
4(2340 2341 2382 2381)
4(2381 2382 2423 2422)
4(2422 2423 2464 2463)
4(2463 2464 2505 2504)
4(2504 2505 2546 2545)
4(2545 2546 2587 2586)
4(2586 2587 2628 2627)
4(2627 2628 2669 2668)
4(2668 2669 2710 2709)
4(2709 2710 2751 2750)
4(2750 2751 2792 2791)
4(2791 2792 2833 2832)
4(2832 2833 2874 2873)
4(2873 2874 2915 2914)
4(2914 2915 2956 2955)
4(2955 2956 2997 2996)
4(2996 2997 3038 3037)
4(3037 3038 3079 3078)
4(3078 3079 3120 3119)
4(3119 3120 3161 3160)
4(3160 3161 3202 3201)
4(3201 3202 3243 3242)
4(3242 3243 3284 3283)
4(4 5 46 45)
4(45 46 87 86)
4(86 87 128 127)
4(127 128 169 168)
4(168 169 210 209)
4(209 210 251 250)
4(250 251 292 291)
4(291 292 333 332)
4(332 333 374 373)
4(373 374 415 414)
4(414 415 456 455)
4(455 456 497 496)
4(496 497 538 537)
4(537 538 579 578)
4(578 579 620 619)
4(619 620 661 660)
4(660 661 702 701)
4(701 702 743 742)
4(742 743 784 783)
4(783 784 825 824)
4(824 825 866 865)
4(865 866 907 906)
4(906 907 948 947)
4(947 948 989 988)
4(988 989 1030 1029)
4(1029 1030 1071 1070)
4(1070 1071 1112 1111)
4(1111 1112 1153 1152)
4(1152 1153 1194 1193)
4(1193 1194 1235 1234)
4(1234 1235 1276 1275)
4(1275 1276 1317 1316)
4(1316 1317 1358 1357)
4(1357 1358 1399 1398)
4(1398 1399 1440 1439)
4(1439 1440 1481 1480)
4(1480 1481 1522 1521)
4(1521 1522 1563 1562)
4(1562 1563 1604 1603)
4(1603 1604 1645 1644)
4(1644 1645 1686 1685)
4(1685 1686 1727 1726)
4(1726 1727 1768 1767)
4(1767 1768 1809 1808)
4(1808 1809 1850 1849)
4(1849 1850 1891 1890)
4(1890 1891 1932 1931)
4(1931 1932 1973 1972)
4(1972 1973 2014 2013)
4(2013 2014 2055 2054)
4(2054 2055 2096 2095)
4(2095 2096 2137 2136)
4(2136 2137 2178 2177)
4(2177 2178 2219 2218)
4(2218 2219 2260 2259)
4(2259 2260 2301 2300)
4(2300 2301 2342 2341)
4(2341 2342 2383 2382)
4(2382 2383 2424 2423)
4(2423 2424 2465 2464)
4(2464 2465 2506 2505)
4(2505 2506 2547 2546)
4(2546 2547 2588 2587)
4(2587 2588 2629 2628)
4(2628 2629 2670 2669)
4(2669 2670 2711 2710)
4(2710 2711 2752 2751)
4(2751 2752 2793 2792)
4(2792 2793 2834 2833)
4(2833 2834 2875 2874)
4(2874 2875 2916 2915)
4(2915 2916 2957 2956)
4(2956 2957 2998 2997)
4(2997 2998 3039 3038)
4(3038 3039 3080 3079)
4(3079 3080 3121 3120)
4(3120 3121 3162 3161)
4(3161 3162 3203 3202)
4(3202 3203 3244 3243)
4(3243 3244 3285 3284)
4(5 6 47 46)
4(46 47 88 87)
4(87 88 129 128)
4(128 129 170 169)
4(169 170 211 210)
4(210 211 252 251)
4(251 252 293 292)
4(292 293 334 333)
4(333 334 375 374)
4(374 375 416 415)
4(415 416 457 456)
4(456 457 498 497)
4(497 498 539 538)
4(538 539 580 579)
4(579 580 621 620)
4(620 621 662 661)
4(661 662 703 702)
4(702 703 744 743)
4(743 744 785 784)
4(784 785 826 825)
4(825 826 867 866)
4(866 867 908 907)
4(907 908 949 948)
4(948 949 990 989)
4(989 990 1031 1030)
4(1030 1031 1072 1071)
4(1071 1072 1113 1112)
4(1112 1113 1154 1153)
4(1153 1154 1195 1194)
4(1194 1195 1236 1235)
4(1235 1236 1277 1276)
4(1276 1277 1318 1317)
4(1317 1318 1359 1358)
4(1358 1359 1400 1399)
4(1399 1400 1441 1440)
4(1440 1441 1482 1481)
4(1481 1482 1523 1522)
4(1522 1523 1564 1563)
4(1563 1564 1605 1604)
4(1604 1605 1646 1645)
4(1645 1646 1687 1686)
4(1686 1687 1728 1727)
4(1727 1728 1769 1768)
4(1768 1769 1810 1809)
4(1809 1810 1851 1850)
4(1850 1851 1892 1891)
4(1891 1892 1933 1932)
4(1932 1933 1974 1973)
4(1973 1974 2015 2014)
4(2014 2015 2056 2055)
4(2055 2056 2097 2096)
4(2096 2097 2138 2137)
4(2137 2138 2179 2178)
4(2178 2179 2220 2219)
4(2219 2220 2261 2260)
4(2260 2261 2302 2301)
4(2301 2302 2343 2342)
4(2342 2343 2384 2383)
4(2383 2384 2425 2424)
4(2424 2425 2466 2465)
4(2465 2466 2507 2506)
4(2506 2507 2548 2547)
4(2547 2548 2589 2588)
4(2588 2589 2630 2629)
4(2629 2630 2671 2670)
4(2670 2671 2712 2711)
4(2711 2712 2753 2752)
4(2752 2753 2794 2793)
4(2793 2794 2835 2834)
4(2834 2835 2876 2875)
4(2875 2876 2917 2916)
4(2916 2917 2958 2957)
4(2957 2958 2999 2998)
4(2998 2999 3040 3039)
4(3039 3040 3081 3080)
4(3080 3081 3122 3121)
4(3121 3122 3163 3162)
4(3162 3163 3204 3203)
4(3203 3204 3245 3244)
4(3244 3245 3286 3285)
4(6 7 48 47)
4(47 48 89 88)
4(88 89 130 129)
4(129 130 171 170)
4(170 171 212 211)
4(211 212 253 252)
4(252 253 294 293)
4(293 294 335 334)
4(334 335 376 375)
4(375 376 417 416)
4(416 417 458 457)
4(457 458 499 498)
4(498 499 540 539)
4(539 540 581 580)
4(580 581 622 621)
4(621 622 663 662)
4(662 663 704 703)
4(703 704 745 744)
4(744 745 786 785)
4(785 786 827 826)
4(826 827 868 867)
4(867 868 909 908)
4(908 909 950 949)
4(949 950 991 990)
4(990 991 1032 1031)
4(1031 1032 1073 1072)
4(1072 1073 1114 1113)
4(1113 1114 1155 1154)
4(1154 1155 1196 1195)
4(1195 1196 1237 1236)
4(1236 1237 1278 1277)
4(1277 1278 1319 1318)
4(1318 1319 1360 1359)
4(1359 1360 1401 1400)
4(1400 1401 1442 1441)
4(1441 1442 1483 1482)
4(1482 1483 1524 1523)
4(1523 1524 1565 1564)
4(1564 1565 1606 1605)
4(1605 1606 1647 1646)
4(1646 1647 1688 1687)
4(1687 1688 1729 1728)
4(1728 1729 1770 1769)
4(1769 1770 1811 1810)
4(1810 1811 1852 1851)
4(1851 1852 1893 1892)
4(1892 1893 1934 1933)
4(1933 1934 1975 1974)
4(1974 1975 2016 2015)
4(2015 2016 2057 2056)
4(2056 2057 2098 2097)
4(2097 2098 2139 2138)
4(2138 2139 2180 2179)
4(2179 2180 2221 2220)
4(2220 2221 2262 2261)
4(2261 2262 2303 2302)
4(2302 2303 2344 2343)
4(2343 2344 2385 2384)
4(2384 2385 2426 2425)
4(2425 2426 2467 2466)
4(2466 2467 2508 2507)
4(2507 2508 2549 2548)
4(2548 2549 2590 2589)
4(2589 2590 2631 2630)
4(2630 2631 2672 2671)
4(2671 2672 2713 2712)
4(2712 2713 2754 2753)
4(2753 2754 2795 2794)
4(2794 2795 2836 2835)
4(2835 2836 2877 2876)
4(2876 2877 2918 2917)
4(2917 2918 2959 2958)
4(2958 2959 3000 2999)
4(2999 3000 3041 3040)
4(3040 3041 3082 3081)
4(3081 3082 3123 3122)
4(3122 3123 3164 3163)
4(3163 3164 3205 3204)
4(3204 3205 3246 3245)
4(3245 3246 3287 3286)
4(7 8 49 48)
4(48 49 90 89)
4(89 90 131 130)
4(130 131 172 171)
4(171 172 213 212)
4(212 213 254 253)
4(253 254 295 294)
4(294 295 336 335)
4(335 336 377 376)
4(376 377 418 417)
4(417 418 459 458)
4(458 459 500 499)
4(499 500 541 540)
4(540 541 582 581)
4(581 582 623 622)
4(622 623 664 663)
4(663 664 705 704)
4(704 705 746 745)
4(745 746 787 786)
4(786 787 828 827)
4(827 828 869 868)
4(868 869 910 909)
4(909 910 951 950)
4(950 951 992 991)
4(991 992 1033 1032)
4(1032 1033 1074 1073)
4(1073 1074 1115 1114)
4(1114 1115 1156 1155)
4(1155 1156 1197 1196)
4(1196 1197 1238 1237)
4(1237 1238 1279 1278)
4(1278 1279 1320 1319)
4(1319 1320 1361 1360)
4(1360 1361 1402 1401)
4(1401 1402 1443 1442)
4(1442 1443 1484 1483)
4(1483 1484 1525 1524)
4(1524 1525 1566 1565)
4(1565 1566 1607 1606)
4(1606 1607 1648 1647)
4(1647 1648 1689 1688)
4(1688 1689 1730 1729)
4(1729 1730 1771 1770)
4(1770 1771 1812 1811)
4(1811 1812 1853 1852)
4(1852 1853 1894 1893)
4(1893 1894 1935 1934)
4(1934 1935 1976 1975)
4(1975 1976 2017 2016)
4(2016 2017 2058 2057)
4(2057 2058 2099 2098)
4(2098 2099 2140 2139)
4(2139 2140 2181 2180)
4(2180 2181 2222 2221)
4(2221 2222 2263 2262)
4(2262 2263 2304 2303)
4(2303 2304 2345 2344)
4(2344 2345 2386 2385)
4(2385 2386 2427 2426)
4(2426 2427 2468 2467)
4(2467 2468 2509 2508)
4(2508 2509 2550 2549)
4(2549 2550 2591 2590)
4(2590 2591 2632 2631)
4(2631 2632 2673 2672)
4(2672 2673 2714 2713)
4(2713 2714 2755 2754)
4(2754 2755 2796 2795)
4(2795 2796 2837 2836)
4(2836 2837 2878 2877)
4(2877 2878 2919 2918)
4(2918 2919 2960 2959)
4(2959 2960 3001 3000)
4(3000 3001 3042 3041)
4(3041 3042 3083 3082)
4(3082 3083 3124 3123)
4(3123 3124 3165 3164)
4(3164 3165 3206 3205)
4(3205 3206 3247 3246)
4(3246 3247 3288 3287)
4(8 9 50 49)
4(49 50 91 90)
4(90 91 132 131)
4(131 132 173 172)
4(172 173 214 213)
4(213 214 255 254)
4(254 255 296 295)
4(295 296 337 336)
4(336 337 378 377)
4(377 378 419 418)
4(418 419 460 459)
4(459 460 501 500)
4(500 501 542 541)
4(541 542 583 582)
4(582 583 624 623)
4(623 624 665 664)
4(664 665 706 705)
4(705 706 747 746)
4(746 747 788 787)
4(787 788 829 828)
4(828 829 870 869)
4(869 870 911 910)
4(910 911 952 951)
4(951 952 993 992)
4(992 993 1034 1033)
4(1033 1034 1075 1074)
4(1074 1075 1116 1115)
4(1115 1116 1157 1156)
4(1156 1157 1198 1197)
4(1197 1198 1239 1238)
4(1238 1239 1280 1279)
4(1279 1280 1321 1320)
4(1320 1321 1362 1361)
4(1361 1362 1403 1402)
4(1402 1403 1444 1443)
4(1443 1444 1485 1484)
4(1484 1485 1526 1525)
4(1525 1526 1567 1566)
4(1566 1567 1608 1607)
4(1607 1608 1649 1648)
4(1648 1649 1690 1689)
4(1689 1690 1731 1730)
4(1730 1731 1772 1771)
4(1771 1772 1813 1812)
4(1812 1813 1854 1853)
4(1853 1854 1895 1894)
4(1894 1895 1936 1935)
4(1935 1936 1977 1976)
4(1976 1977 2018 2017)
4(2017 2018 2059 2058)
4(2058 2059 2100 2099)
4(2099 2100 2141 2140)
4(2140 2141 2182 2181)
4(2181 2182 2223 2222)
4(2222 2223 2264 2263)
4(2263 2264 2305 2304)
4(2304 2305 2346 2345)
4(2345 2346 2387 2386)
4(2386 2387 2428 2427)
4(2427 2428 2469 2468)
4(2468 2469 2510 2509)
4(2509 2510 2551 2550)
4(2550 2551 2592 2591)
4(2591 2592 2633 2632)
4(2632 2633 2674 2673)
4(2673 2674 2715 2714)
4(2714 2715 2756 2755)
4(2755 2756 2797 2796)
4(2796 2797 2838 2837)
4(2837 2838 2879 2878)
4(2878 2879 2920 2919)
4(2919 2920 2961 2960)
4(2960 2961 3002 3001)
4(3001 3002 3043 3042)
4(3042 3043 3084 3083)
4(3083 3084 3125 3124)
4(3124 3125 3166 3165)
4(3165 3166 3207 3206)
4(3206 3207 3248 3247)
4(3247 3248 3289 3288)
4(9 10 51 50)
4(50 51 92 91)
4(91 92 133 132)
4(132 133 174 173)
4(173 174 215 214)
4(214 215 256 255)
4(255 256 297 296)
4(296 297 338 337)
4(337 338 379 378)
4(378 379 420 419)
4(419 420 461 460)
4(460 461 502 501)
4(501 502 543 542)
4(542 543 584 583)
4(583 584 625 624)
4(624 625 666 665)
4(665 666 707 706)
4(706 707 748 747)
4(747 748 789 788)
4(788 789 830 829)
4(829 830 871 870)
4(870 871 912 911)
4(911 912 953 952)
4(952 953 994 993)
4(993 994 1035 1034)
4(1034 1035 1076 1075)
4(1075 1076 1117 1116)
4(1116 1117 1158 1157)
4(1157 1158 1199 1198)
4(1198 1199 1240 1239)
4(1239 1240 1281 1280)
4(1280 1281 1322 1321)
4(1321 1322 1363 1362)
4(1362 1363 1404 1403)
4(1403 1404 1445 1444)
4(1444 1445 1486 1485)
4(1485 1486 1527 1526)
4(1526 1527 1568 1567)
4(1567 1568 1609 1608)
4(1608 1609 1650 1649)
4(1649 1650 1691 1690)
4(1690 1691 1732 1731)
4(1731 1732 1773 1772)
4(1772 1773 1814 1813)
4(1813 1814 1855 1854)
4(1854 1855 1896 1895)
4(1895 1896 1937 1936)
4(1936 1937 1978 1977)
4(1977 1978 2019 2018)
4(2018 2019 2060 2059)
4(2059 2060 2101 2100)
4(2100 2101 2142 2141)
4(2141 2142 2183 2182)
4(2182 2183 2224 2223)
4(2223 2224 2265 2264)
4(2264 2265 2306 2305)
4(2305 2306 2347 2346)
4(2346 2347 2388 2387)
4(2387 2388 2429 2428)
4(2428 2429 2470 2469)
4(2469 2470 2511 2510)
4(2510 2511 2552 2551)
4(2551 2552 2593 2592)
4(2592 2593 2634 2633)
4(2633 2634 2675 2674)
4(2674 2675 2716 2715)
4(2715 2716 2757 2756)
4(2756 2757 2798 2797)
4(2797 2798 2839 2838)
4(2838 2839 2880 2879)
4(2879 2880 2921 2920)
4(2920 2921 2962 2961)
4(2961 2962 3003 3002)
4(3002 3003 3044 3043)
4(3043 3044 3085 3084)
4(3084 3085 3126 3125)
4(3125 3126 3167 3166)
4(3166 3167 3208 3207)
4(3207 3208 3249 3248)
4(3248 3249 3290 3289)
4(10 11 52 51)
4(51 52 93 92)
4(92 93 134 133)
4(133 134 175 174)
4(174 175 216 215)
4(215 216 257 256)
4(256 257 298 297)
4(297 298 339 338)
4(338 339 380 379)
4(379 380 421 420)
4(420 421 462 461)
4(461 462 503 502)
4(502 503 544 543)
4(543 544 585 584)
4(584 585 626 625)
4(625 626 667 666)
4(666 667 708 707)
4(707 708 749 748)
4(748 749 790 789)
4(789 790 831 830)
4(830 831 872 871)
4(871 872 913 912)
4(912 913 954 953)
4(953 954 995 994)
4(994 995 1036 1035)
4(1035 1036 1077 1076)
4(1076 1077 1118 1117)
4(1117 1118 1159 1158)
4(1158 1159 1200 1199)
4(1199 1200 1241 1240)
4(1240 1241 1282 1281)
4(1281 1282 1323 1322)
4(1322 1323 1364 1363)
4(1363 1364 1405 1404)
4(1404 1405 1446 1445)
4(1445 1446 1487 1486)
4(1486 1487 1528 1527)
4(1527 1528 1569 1568)
4(1568 1569 1610 1609)
4(1609 1610 1651 1650)
4(1650 1651 1692 1691)
4(1691 1692 1733 1732)
4(1732 1733 1774 1773)
4(1773 1774 1815 1814)
4(1814 1815 1856 1855)
4(1855 1856 1897 1896)
4(1896 1897 1938 1937)
4(1937 1938 1979 1978)
4(1978 1979 2020 2019)
4(2019 2020 2061 2060)
4(2060 2061 2102 2101)
4(2101 2102 2143 2142)
4(2142 2143 2184 2183)
4(2183 2184 2225 2224)
4(2224 2225 2266 2265)
4(2265 2266 2307 2306)
4(2306 2307 2348 2347)
4(2347 2348 2389 2388)
4(2388 2389 2430 2429)
4(2429 2430 2471 2470)
4(2470 2471 2512 2511)
4(2511 2512 2553 2552)
4(2552 2553 2594 2593)
4(2593 2594 2635 2634)
4(2634 2635 2676 2675)
4(2675 2676 2717 2716)
4(2716 2717 2758 2757)
4(2757 2758 2799 2798)
4(2798 2799 2840 2839)
4(2839 2840 2881 2880)
4(2880 2881 2922 2921)
4(2921 2922 2963 2962)
4(2962 2963 3004 3003)
4(3003 3004 3045 3044)
4(3044 3045 3086 3085)
4(3085 3086 3127 3126)
4(3126 3127 3168 3167)
4(3167 3168 3209 3208)
4(3208 3209 3250 3249)
4(3249 3250 3291 3290)
4(11 12 53 52)
4(52 53 94 93)
4(93 94 135 134)
4(134 135 176 175)
4(175 176 217 216)
4(216 217 258 257)
4(257 258 299 298)
4(298 299 340 339)
4(339 340 381 380)
4(380 381 422 421)
4(421 422 463 462)
4(462 463 504 503)
4(503 504 545 544)
4(544 545 586 585)
4(585 586 627 626)
4(626 627 668 667)
4(667 668 709 708)
4(708 709 750 749)
4(749 750 791 790)
4(790 791 832 831)
4(831 832 873 872)
4(872 873 914 913)
4(913 914 955 954)
4(954 955 996 995)
4(995 996 1037 1036)
4(1036 1037 1078 1077)
4(1077 1078 1119 1118)
4(1118 1119 1160 1159)
4(1159 1160 1201 1200)
4(1200 1201 1242 1241)
4(1241 1242 1283 1282)
4(1282 1283 1324 1323)
4(1323 1324 1365 1364)
4(1364 1365 1406 1405)
4(1405 1406 1447 1446)
4(1446 1447 1488 1487)
4(1487 1488 1529 1528)
4(1528 1529 1570 1569)
4(1569 1570 1611 1610)
4(1610 1611 1652 1651)
4(1651 1652 1693 1692)
4(1692 1693 1734 1733)
4(1733 1734 1775 1774)
4(1774 1775 1816 1815)
4(1815 1816 1857 1856)
4(1856 1857 1898 1897)
4(1897 1898 1939 1938)
4(1938 1939 1980 1979)
4(1979 1980 2021 2020)
4(2020 2021 2062 2061)
4(2061 2062 2103 2102)
4(2102 2103 2144 2143)
4(2143 2144 2185 2184)
4(2184 2185 2226 2225)
4(2225 2226 2267 2266)
4(2266 2267 2308 2307)
4(2307 2308 2349 2348)
4(2348 2349 2390 2389)
4(2389 2390 2431 2430)
4(2430 2431 2472 2471)
4(2471 2472 2513 2512)
4(2512 2513 2554 2553)
4(2553 2554 2595 2594)
4(2594 2595 2636 2635)
4(2635 2636 2677 2676)
4(2676 2677 2718 2717)
4(2717 2718 2759 2758)
4(2758 2759 2800 2799)
4(2799 2800 2841 2840)
4(2840 2841 2882 2881)
4(2881 2882 2923 2922)
4(2922 2923 2964 2963)
4(2963 2964 3005 3004)
4(3004 3005 3046 3045)
4(3045 3046 3087 3086)
4(3086 3087 3128 3127)
4(3127 3128 3169 3168)
4(3168 3169 3210 3209)
4(3209 3210 3251 3250)
4(3250 3251 3292 3291)
4(12 13 54 53)
4(53 54 95 94)
4(94 95 136 135)
4(135 136 177 176)
4(176 177 218 217)
4(217 218 259 258)
4(258 259 300 299)
4(299 300 341 340)
4(340 341 382 381)
4(381 382 423 422)
4(422 423 464 463)
4(463 464 505 504)
4(504 505 546 545)
4(545 546 587 586)
4(586 587 628 627)
4(627 628 669 668)
4(668 669 710 709)
4(709 710 751 750)
4(750 751 792 791)
4(791 792 833 832)
4(832 833 874 873)
4(873 874 915 914)
4(914 915 956 955)
4(955 956 997 996)
4(996 997 1038 1037)
4(1037 1038 1079 1078)
4(1078 1079 1120 1119)
4(1119 1120 1161 1160)
4(1160 1161 1202 1201)
4(1201 1202 1243 1242)
4(1242 1243 1284 1283)
4(1283 1284 1325 1324)
4(1324 1325 1366 1365)
4(1365 1366 1407 1406)
4(1406 1407 1448 1447)
4(1447 1448 1489 1488)
4(1488 1489 1530 1529)
4(1529 1530 1571 1570)
4(1570 1571 1612 1611)
4(1611 1612 1653 1652)
4(1652 1653 1694 1693)
4(1693 1694 1735 1734)
4(1734 1735 1776 1775)
4(1775 1776 1817 1816)
4(1816 1817 1858 1857)
4(1857 1858 1899 1898)
4(1898 1899 1940 1939)
4(1939 1940 1981 1980)
4(1980 1981 2022 2021)
4(2021 2022 2063 2062)
4(2062 2063 2104 2103)
4(2103 2104 2145 2144)
4(2144 2145 2186 2185)
4(2185 2186 2227 2226)
4(2226 2227 2268 2267)
4(2267 2268 2309 2308)
4(2308 2309 2350 2349)
4(2349 2350 2391 2390)
4(2390 2391 2432 2431)
4(2431 2432 2473 2472)
4(2472 2473 2514 2513)
4(2513 2514 2555 2554)
4(2554 2555 2596 2595)
4(2595 2596 2637 2636)
4(2636 2637 2678 2677)
4(2677 2678 2719 2718)
4(2718 2719 2760 2759)
4(2759 2760 2801 2800)
4(2800 2801 2842 2841)
4(2841 2842 2883 2882)
4(2882 2883 2924 2923)
4(2923 2924 2965 2964)
4(2964 2965 3006 3005)
4(3005 3006 3047 3046)
4(3046 3047 3088 3087)
4(3087 3088 3129 3128)
4(3128 3129 3170 3169)
4(3169 3170 3211 3210)
4(3210 3211 3252 3251)
4(3251 3252 3293 3292)
4(13 14 55 54)
4(54 55 96 95)
4(95 96 137 136)
4(136 137 178 177)
4(177 178 219 218)
4(218 219 260 259)
4(259 260 301 300)
4(300 301 342 341)
4(341 342 383 382)
4(382 383 424 423)
4(423 424 465 464)
4(464 465 506 505)
4(505 506 547 546)
4(546 547 588 587)
4(587 588 629 628)
4(628 629 670 669)
4(669 670 711 710)
4(710 711 752 751)
4(751 752 793 792)
4(792 793 834 833)
4(833 834 875 874)
4(874 875 916 915)
4(915 916 957 956)
4(956 957 998 997)
4(997 998 1039 1038)
4(1038 1039 1080 1079)
4(1079 1080 1121 1120)
4(1120 1121 1162 1161)
4(1161 1162 1203 1202)
4(1202 1203 1244 1243)
4(1243 1244 1285 1284)
4(1284 1285 1326 1325)
4(1325 1326 1367 1366)
4(1366 1367 1408 1407)
4(1407 1408 1449 1448)
4(1448 1449 1490 1489)
4(1489 1490 1531 1530)
4(1530 1531 1572 1571)
4(1571 1572 1613 1612)
4(1612 1613 1654 1653)
4(1653 1654 1695 1694)
4(1694 1695 1736 1735)
4(1735 1736 1777 1776)
4(1776 1777 1818 1817)
4(1817 1818 1859 1858)
4(1858 1859 1900 1899)
4(1899 1900 1941 1940)
4(1940 1941 1982 1981)
4(1981 1982 2023 2022)
4(2022 2023 2064 2063)
4(2063 2064 2105 2104)
4(2104 2105 2146 2145)
4(2145 2146 2187 2186)
4(2186 2187 2228 2227)
4(2227 2228 2269 2268)
4(2268 2269 2310 2309)
4(2309 2310 2351 2350)
4(2350 2351 2392 2391)
4(2391 2392 2433 2432)
4(2432 2433 2474 2473)
4(2473 2474 2515 2514)
4(2514 2515 2556 2555)
4(2555 2556 2597 2596)
4(2596 2597 2638 2637)
4(2637 2638 2679 2678)
4(2678 2679 2720 2719)
4(2719 2720 2761 2760)
4(2760 2761 2802 2801)
4(2801 2802 2843 2842)
4(2842 2843 2884 2883)
4(2883 2884 2925 2924)
4(2924 2925 2966 2965)
4(2965 2966 3007 3006)
4(3006 3007 3048 3047)
4(3047 3048 3089 3088)
4(3088 3089 3130 3129)
4(3129 3130 3171 3170)
4(3170 3171 3212 3211)
4(3211 3212 3253 3252)
4(3252 3253 3294 3293)
4(14 15 56 55)
4(55 56 97 96)
4(96 97 138 137)
4(137 138 179 178)
4(178 179 220 219)
4(219 220 261 260)
4(260 261 302 301)
4(301 302 343 342)
4(342 343 384 383)
4(383 384 425 424)
4(424 425 466 465)
4(465 466 507 506)
4(506 507 548 547)
4(547 548 589 588)
4(588 589 630 629)
4(629 630 671 670)
4(670 671 712 711)
4(711 712 753 752)
4(752 753 794 793)
4(793 794 835 834)
4(834 835 876 875)
4(875 876 917 916)
4(916 917 958 957)
4(957 958 999 998)
4(998 999 1040 1039)
4(1039 1040 1081 1080)
4(1080 1081 1122 1121)
4(1121 1122 1163 1162)
4(1162 1163 1204 1203)
4(1203 1204 1245 1244)
4(1244 1245 1286 1285)
4(1285 1286 1327 1326)
4(1326 1327 1368 1367)
4(1367 1368 1409 1408)
4(1408 1409 1450 1449)
4(1449 1450 1491 1490)
4(1490 1491 1532 1531)
4(1531 1532 1573 1572)
4(1572 1573 1614 1613)
4(1613 1614 1655 1654)
4(1654 1655 1696 1695)
4(1695 1696 1737 1736)
4(1736 1737 1778 1777)
4(1777 1778 1819 1818)
4(1818 1819 1860 1859)
4(1859 1860 1901 1900)
4(1900 1901 1942 1941)
4(1941 1942 1983 1982)
4(1982 1983 2024 2023)
4(2023 2024 2065 2064)
4(2064 2065 2106 2105)
4(2105 2106 2147 2146)
4(2146 2147 2188 2187)
4(2187 2188 2229 2228)
4(2228 2229 2270 2269)
4(2269 2270 2311 2310)
4(2310 2311 2352 2351)
4(2351 2352 2393 2392)
4(2392 2393 2434 2433)
4(2433 2434 2475 2474)
4(2474 2475 2516 2515)
4(2515 2516 2557 2556)
4(2556 2557 2598 2597)
4(2597 2598 2639 2638)
4(2638 2639 2680 2679)
4(2679 2680 2721 2720)
4(2720 2721 2762 2761)
4(2761 2762 2803 2802)
4(2802 2803 2844 2843)
4(2843 2844 2885 2884)
4(2884 2885 2926 2925)
4(2925 2926 2967 2966)
4(2966 2967 3008 3007)
4(3007 3008 3049 3048)
4(3048 3049 3090 3089)
4(3089 3090 3131 3130)
4(3130 3131 3172 3171)
4(3171 3172 3213 3212)
4(3212 3213 3254 3253)
4(3253 3254 3295 3294)
4(15 16 57 56)
4(56 57 98 97)
4(97 98 139 138)
4(138 139 180 179)
4(179 180 221 220)
4(220 221 262 261)
4(261 262 303 302)
4(302 303 344 343)
4(343 344 385 384)
4(384 385 426 425)
4(425 426 467 466)
4(466 467 508 507)
4(507 508 549 548)
4(548 549 590 589)
4(589 590 631 630)
4(630 631 672 671)
4(671 672 713 712)
4(712 713 754 753)
4(753 754 795 794)
4(794 795 836 835)
4(835 836 877 876)
4(876 877 918 917)
4(917 918 959 958)
4(958 959 1000 999)
4(999 1000 1041 1040)
4(1040 1041 1082 1081)
4(1081 1082 1123 1122)
4(1122 1123 1164 1163)
4(1163 1164 1205 1204)
4(1204 1205 1246 1245)
4(1245 1246 1287 1286)
4(1286 1287 1328 1327)
4(1327 1328 1369 1368)
4(1368 1369 1410 1409)
4(1409 1410 1451 1450)
4(1450 1451 1492 1491)
4(1491 1492 1533 1532)
4(1532 1533 1574 1573)
4(1573 1574 1615 1614)
4(1614 1615 1656 1655)
4(1655 1656 1697 1696)
4(1696 1697 1738 1737)
4(1737 1738 1779 1778)
4(1778 1779 1820 1819)
4(1819 1820 1861 1860)
4(1860 1861 1902 1901)
4(1901 1902 1943 1942)
4(1942 1943 1984 1983)
4(1983 1984 2025 2024)
4(2024 2025 2066 2065)
4(2065 2066 2107 2106)
4(2106 2107 2148 2147)
4(2147 2148 2189 2188)
4(2188 2189 2230 2229)
4(2229 2230 2271 2270)
4(2270 2271 2312 2311)
4(2311 2312 2353 2352)
4(2352 2353 2394 2393)
4(2393 2394 2435 2434)
4(2434 2435 2476 2475)
4(2475 2476 2517 2516)
4(2516 2517 2558 2557)
4(2557 2558 2599 2598)
4(2598 2599 2640 2639)
4(2639 2640 2681 2680)
4(2680 2681 2722 2721)
4(2721 2722 2763 2762)
4(2762 2763 2804 2803)
4(2803 2804 2845 2844)
4(2844 2845 2886 2885)
4(2885 2886 2927 2926)
4(2926 2927 2968 2967)
4(2967 2968 3009 3008)
4(3008 3009 3050 3049)
4(3049 3050 3091 3090)
4(3090 3091 3132 3131)
4(3131 3132 3173 3172)
4(3172 3173 3214 3213)
4(3213 3214 3255 3254)
4(3254 3255 3296 3295)
4(16 17 58 57)
4(57 58 99 98)
4(98 99 140 139)
4(139 140 181 180)
4(180 181 222 221)
4(221 222 263 262)
4(262 263 304 303)
4(303 304 345 344)
4(344 345 386 385)
4(385 386 427 426)
4(426 427 468 467)
4(467 468 509 508)
4(508 509 550 549)
4(549 550 591 590)
4(590 591 632 631)
4(631 632 673 672)
4(672 673 714 713)
4(713 714 755 754)
4(754 755 796 795)
4(795 796 837 836)
4(836 837 878 877)
4(877 878 919 918)
4(918 919 960 959)
4(959 960 1001 1000)
4(1000 1001 1042 1041)
4(1041 1042 1083 1082)
4(1082 1083 1124 1123)
4(1123 1124 1165 1164)
4(1164 1165 1206 1205)
4(1205 1206 1247 1246)
4(1246 1247 1288 1287)
4(1287 1288 1329 1328)
4(1328 1329 1370 1369)
4(1369 1370 1411 1410)
4(1410 1411 1452 1451)
4(1451 1452 1493 1492)
4(1492 1493 1534 1533)
4(1533 1534 1575 1574)
4(1574 1575 1616 1615)
4(1615 1616 1657 1656)
4(1656 1657 1698 1697)
4(1697 1698 1739 1738)
4(1738 1739 1780 1779)
4(1779 1780 1821 1820)
4(1820 1821 1862 1861)
4(1861 1862 1903 1902)
4(1902 1903 1944 1943)
4(1943 1944 1985 1984)
4(1984 1985 2026 2025)
4(2025 2026 2067 2066)
4(2066 2067 2108 2107)
4(2107 2108 2149 2148)
4(2148 2149 2190 2189)
4(2189 2190 2231 2230)
4(2230 2231 2272 2271)
4(2271 2272 2313 2312)
4(2312 2313 2354 2353)
4(2353 2354 2395 2394)
4(2394 2395 2436 2435)
4(2435 2436 2477 2476)
4(2476 2477 2518 2517)
4(2517 2518 2559 2558)
4(2558 2559 2600 2599)
4(2599 2600 2641 2640)
4(2640 2641 2682 2681)
4(2681 2682 2723 2722)
4(2722 2723 2764 2763)
4(2763 2764 2805 2804)
4(2804 2805 2846 2845)
4(2845 2846 2887 2886)
4(2886 2887 2928 2927)
4(2927 2928 2969 2968)
4(2968 2969 3010 3009)
4(3009 3010 3051 3050)
4(3050 3051 3092 3091)
4(3091 3092 3133 3132)
4(3132 3133 3174 3173)
4(3173 3174 3215 3214)
4(3214 3215 3256 3255)
4(3255 3256 3297 3296)
4(17 18 59 58)
4(58 59 100 99)
4(99 100 141 140)
4(140 141 182 181)
4(181 182 223 222)
4(222 223 264 263)
4(263 264 305 304)
4(304 305 346 345)
4(345 346 387 386)
4(386 387 428 427)
4(427 428 469 468)
4(468 469 510 509)
4(509 510 551 550)
4(550 551 592 591)
4(591 592 633 632)
4(632 633 674 673)
4(673 674 715 714)
4(714 715 756 755)
4(755 756 797 796)
4(796 797 838 837)
4(837 838 879 878)
4(878 879 920 919)
4(919 920 961 960)
4(960 961 1002 1001)
4(1001 1002 1043 1042)
4(1042 1043 1084 1083)
4(1083 1084 1125 1124)
4(1124 1125 1166 1165)
4(1165 1166 1207 1206)
4(1206 1207 1248 1247)
4(1247 1248 1289 1288)
4(1288 1289 1330 1329)
4(1329 1330 1371 1370)
4(1370 1371 1412 1411)
4(1411 1412 1453 1452)
4(1452 1453 1494 1493)
4(1493 1494 1535 1534)
4(1534 1535 1576 1575)
4(1575 1576 1617 1616)
4(1616 1617 1658 1657)
4(1657 1658 1699 1698)
4(1698 1699 1740 1739)
4(1739 1740 1781 1780)
4(1780 1781 1822 1821)
4(1821 1822 1863 1862)
4(1862 1863 1904 1903)
4(1903 1904 1945 1944)
4(1944 1945 1986 1985)
4(1985 1986 2027 2026)
4(2026 2027 2068 2067)
4(2067 2068 2109 2108)
4(2108 2109 2150 2149)
4(2149 2150 2191 2190)
4(2190 2191 2232 2231)
4(2231 2232 2273 2272)
4(2272 2273 2314 2313)
4(2313 2314 2355 2354)
4(2354 2355 2396 2395)
4(2395 2396 2437 2436)
4(2436 2437 2478 2477)
4(2477 2478 2519 2518)
4(2518 2519 2560 2559)
4(2559 2560 2601 2600)
4(2600 2601 2642 2641)
4(2641 2642 2683 2682)
4(2682 2683 2724 2723)
4(2723 2724 2765 2764)
4(2764 2765 2806 2805)
4(2805 2806 2847 2846)
4(2846 2847 2888 2887)
4(2887 2888 2929 2928)
4(2928 2929 2970 2969)
4(2969 2970 3011 3010)
4(3010 3011 3052 3051)
4(3051 3052 3093 3092)
4(3092 3093 3134 3133)
4(3133 3134 3175 3174)
4(3174 3175 3216 3215)
4(3215 3216 3257 3256)
4(3256 3257 3298 3297)
4(18 19 60 59)
4(59 60 101 100)
4(100 101 142 141)
4(141 142 183 182)
4(182 183 224 223)
4(223 224 265 264)
4(264 265 306 305)
4(305 306 347 346)
4(346 347 388 387)
4(387 388 429 428)
4(428 429 470 469)
4(469 470 511 510)
4(510 511 552 551)
4(551 552 593 592)
4(592 593 634 633)
4(633 634 675 674)
4(674 675 716 715)
4(715 716 757 756)
4(756 757 798 797)
4(797 798 839 838)
4(838 839 880 879)
4(879 880 921 920)
4(920 921 962 961)
4(961 962 1003 1002)
4(1002 1003 1044 1043)
4(1043 1044 1085 1084)
4(1084 1085 1126 1125)
4(1125 1126 1167 1166)
4(1166 1167 1208 1207)
4(1207 1208 1249 1248)
4(1248 1249 1290 1289)
4(1289 1290 1331 1330)
4(1330 1331 1372 1371)
4(1371 1372 1413 1412)
4(1412 1413 1454 1453)
4(1453 1454 1495 1494)
4(1494 1495 1536 1535)
4(1535 1536 1577 1576)
4(1576 1577 1618 1617)
4(1617 1618 1659 1658)
4(1658 1659 1700 1699)
4(1699 1700 1741 1740)
4(1740 1741 1782 1781)
4(1781 1782 1823 1822)
4(1822 1823 1864 1863)
4(1863 1864 1905 1904)
4(1904 1905 1946 1945)
4(1945 1946 1987 1986)
4(1986 1987 2028 2027)
4(2027 2028 2069 2068)
4(2068 2069 2110 2109)
4(2109 2110 2151 2150)
4(2150 2151 2192 2191)
4(2191 2192 2233 2232)
4(2232 2233 2274 2273)
4(2273 2274 2315 2314)
4(2314 2315 2356 2355)
4(2355 2356 2397 2396)
4(2396 2397 2438 2437)
4(2437 2438 2479 2478)
4(2478 2479 2520 2519)
4(2519 2520 2561 2560)
4(2560 2561 2602 2601)
4(2601 2602 2643 2642)
4(2642 2643 2684 2683)
4(2683 2684 2725 2724)
4(2724 2725 2766 2765)
4(2765 2766 2807 2806)
4(2806 2807 2848 2847)
4(2847 2848 2889 2888)
4(2888 2889 2930 2929)
4(2929 2930 2971 2970)
4(2970 2971 3012 3011)
4(3011 3012 3053 3052)
4(3052 3053 3094 3093)
4(3093 3094 3135 3134)
4(3134 3135 3176 3175)
4(3175 3176 3217 3216)
4(3216 3217 3258 3257)
4(3257 3258 3299 3298)
4(19 20 61 60)
4(60 61 102 101)
4(101 102 143 142)
4(142 143 184 183)
4(183 184 225 224)
4(224 225 266 265)
4(265 266 307 306)
4(306 307 348 347)
4(347 348 389 388)
4(388 389 430 429)
4(429 430 471 470)
4(470 471 512 511)
4(511 512 553 552)
4(552 553 594 593)
4(593 594 635 634)
4(634 635 676 675)
4(675 676 717 716)
4(716 717 758 757)
4(757 758 799 798)
4(798 799 840 839)
4(839 840 881 880)
4(880 881 922 921)
4(921 922 963 962)
4(962 963 1004 1003)
4(1003 1004 1045 1044)
4(1044 1045 1086 1085)
4(1085 1086 1127 1126)
4(1126 1127 1168 1167)
4(1167 1168 1209 1208)
4(1208 1209 1250 1249)
4(1249 1250 1291 1290)
4(1290 1291 1332 1331)
4(1331 1332 1373 1372)
4(1372 1373 1414 1413)
4(1413 1414 1455 1454)
4(1454 1455 1496 1495)
4(1495 1496 1537 1536)
4(1536 1537 1578 1577)
4(1577 1578 1619 1618)
4(1618 1619 1660 1659)
4(1659 1660 1701 1700)
4(1700 1701 1742 1741)
4(1741 1742 1783 1782)
4(1782 1783 1824 1823)
4(1823 1824 1865 1864)
4(1864 1865 1906 1905)
4(1905 1906 1947 1946)
4(1946 1947 1988 1987)
4(1987 1988 2029 2028)
4(2028 2029 2070 2069)
4(2069 2070 2111 2110)
4(2110 2111 2152 2151)
4(2151 2152 2193 2192)
4(2192 2193 2234 2233)
4(2233 2234 2275 2274)
4(2274 2275 2316 2315)
4(2315 2316 2357 2356)
4(2356 2357 2398 2397)
4(2397 2398 2439 2438)
4(2438 2439 2480 2479)
4(2479 2480 2521 2520)
4(2520 2521 2562 2561)
4(2561 2562 2603 2602)
4(2602 2603 2644 2643)
4(2643 2644 2685 2684)
4(2684 2685 2726 2725)
4(2725 2726 2767 2766)
4(2766 2767 2808 2807)
4(2807 2808 2849 2848)
4(2848 2849 2890 2889)
4(2889 2890 2931 2930)
4(2930 2931 2972 2971)
4(2971 2972 3013 3012)
4(3012 3013 3054 3053)
4(3053 3054 3095 3094)
4(3094 3095 3136 3135)
4(3135 3136 3177 3176)
4(3176 3177 3218 3217)
4(3217 3218 3259 3258)
4(3258 3259 3300 3299)
4(0 41 62 21)
4(41 82 103 62)
4(82 123 144 103)
4(123 164 185 144)
4(164 205 226 185)
4(205 246 267 226)
4(246 287 308 267)
4(287 328 349 308)
4(328 369 390 349)
4(369 410 431 390)
4(410 451 472 431)
4(451 492 513 472)
4(492 533 554 513)
4(533 574 595 554)
4(574 615 636 595)
4(615 656 677 636)
4(656 697 718 677)
4(697 738 759 718)
4(738 779 800 759)
4(779 820 841 800)
4(820 861 882 841)
4(861 902 923 882)
4(902 943 964 923)
4(943 984 1005 964)
4(984 1025 1046 1005)
4(1025 1066 1087 1046)
4(1066 1107 1128 1087)
4(1107 1148 1169 1128)
4(1148 1189 1210 1169)
4(1189 1230 1251 1210)
4(1230 1271 1292 1251)
4(1271 1312 1333 1292)
4(1312 1353 1374 1333)
4(1353 1394 1415 1374)
4(1394 1435 1456 1415)
4(1435 1476 1497 1456)
4(1476 1517 1538 1497)
4(1517 1558 1579 1538)
4(1558 1599 1620 1579)
4(1599 1640 1661 1620)
4(1640 1681 1702 1661)
4(1681 1722 1743 1702)
4(1722 1763 1784 1743)
4(1763 1804 1825 1784)
4(1804 1845 1866 1825)
4(1845 1886 1907 1866)
4(1886 1927 1948 1907)
4(1927 1968 1989 1948)
4(1968 2009 2030 1989)
4(2009 2050 2071 2030)
4(2050 2091 2112 2071)
4(2091 2132 2153 2112)
4(2132 2173 2194 2153)
4(2173 2214 2235 2194)
4(2214 2255 2276 2235)
4(2255 2296 2317 2276)
4(2296 2337 2358 2317)
4(2337 2378 2399 2358)
4(2378 2419 2440 2399)
4(2419 2460 2481 2440)
4(2460 2501 2522 2481)
4(2501 2542 2563 2522)
4(2542 2583 2604 2563)
4(2583 2624 2645 2604)
4(2624 2665 2686 2645)
4(2665 2706 2727 2686)
4(2706 2747 2768 2727)
4(2747 2788 2809 2768)
4(2788 2829 2850 2809)
4(2829 2870 2891 2850)
4(2870 2911 2932 2891)
4(2911 2952 2973 2932)
4(2952 2993 3014 2973)
4(2993 3034 3055 3014)
4(3034 3075 3096 3055)
4(3075 3116 3137 3096)
4(3116 3157 3178 3137)
4(3157 3198 3219 3178)
4(3198 3239 3260 3219)
4(3239 3280 3301 3260)
4(21 62 63 22)
4(62 103 104 63)
4(103 144 145 104)
4(144 185 186 145)
4(185 226 227 186)
4(226 267 268 227)
4(267 308 309 268)
4(308 349 350 309)
4(349 390 391 350)
4(390 431 432 391)
4(431 472 473 432)
4(472 513 514 473)
4(513 554 555 514)
4(554 595 596 555)
4(595 636 637 596)
4(636 677 678 637)
4(677 718 719 678)
4(718 759 760 719)
4(759 800 801 760)
4(800 841 842 801)
4(841 882 883 842)
4(882 923 924 883)
4(923 964 965 924)
4(964 1005 1006 965)
4(1005 1046 1047 1006)
4(1046 1087 1088 1047)
4(1087 1128 1129 1088)
4(1128 1169 1170 1129)
4(1169 1210 1211 1170)
4(1210 1251 1252 1211)
4(1251 1292 1293 1252)
4(1292 1333 1334 1293)
4(1333 1374 1375 1334)
4(1374 1415 1416 1375)
4(1415 1456 1457 1416)
4(1456 1497 1498 1457)
4(1497 1538 1539 1498)
4(1538 1579 1580 1539)
4(1579 1620 1621 1580)
4(1620 1661 1662 1621)
4(1661 1702 1703 1662)
4(1702 1743 1744 1703)
4(1743 1784 1785 1744)
4(1784 1825 1826 1785)
4(1825 1866 1867 1826)
4(1866 1907 1908 1867)
4(1907 1948 1949 1908)
4(1948 1989 1990 1949)
4(1989 2030 2031 1990)
4(2030 2071 2072 2031)
4(2071 2112 2113 2072)
4(2112 2153 2154 2113)
4(2153 2194 2195 2154)
4(2194 2235 2236 2195)
4(2235 2276 2277 2236)
4(2276 2317 2318 2277)
4(2317 2358 2359 2318)
4(2358 2399 2400 2359)
4(2399 2440 2441 2400)
4(2440 2481 2482 2441)
4(2481 2522 2523 2482)
4(2522 2563 2564 2523)
4(2563 2604 2605 2564)
4(2604 2645 2646 2605)
4(2645 2686 2687 2646)
4(2686 2727 2728 2687)
4(2727 2768 2769 2728)
4(2768 2809 2810 2769)
4(2809 2850 2851 2810)
4(2850 2891 2892 2851)
4(2891 2932 2933 2892)
4(2932 2973 2974 2933)
4(2973 3014 3015 2974)
4(3014 3055 3056 3015)
4(3055 3096 3097 3056)
4(3096 3137 3138 3097)
4(3137 3178 3179 3138)
4(3178 3219 3220 3179)
4(3219 3260 3261 3220)
4(3260 3301 3302 3261)
4(22 63 64 23)
4(63 104 105 64)
4(104 145 146 105)
4(145 186 187 146)
4(186 227 228 187)
4(227 268 269 228)
4(268 309 310 269)
4(309 350 351 310)
4(350 391 392 351)
4(391 432 433 392)
4(432 473 474 433)
4(473 514 515 474)
4(514 555 556 515)
4(555 596 597 556)
4(596 637 638 597)
4(637 678 679 638)
4(678 719 720 679)
4(719 760 761 720)
4(760 801 802 761)
4(801 842 843 802)
4(842 883 884 843)
4(883 924 925 884)
4(924 965 966 925)
4(965 1006 1007 966)
4(1006 1047 1048 1007)
4(1047 1088 1089 1048)
4(1088 1129 1130 1089)
4(1129 1170 1171 1130)
4(1170 1211 1212 1171)
4(1211 1252 1253 1212)
4(1252 1293 1294 1253)
4(1293 1334 1335 1294)
4(1334 1375 1376 1335)
4(1375 1416 1417 1376)
4(1416 1457 1458 1417)
4(1457 1498 1499 1458)
4(1498 1539 1540 1499)
4(1539 1580 1581 1540)
4(1580 1621 1622 1581)
4(1621 1662 1663 1622)
4(1662 1703 1704 1663)
4(1703 1744 1745 1704)
4(1744 1785 1786 1745)
4(1785 1826 1827 1786)
4(1826 1867 1868 1827)
4(1867 1908 1909 1868)
4(1908 1949 1950 1909)
4(1949 1990 1991 1950)
4(1990 2031 2032 1991)
4(2031 2072 2073 2032)
4(2072 2113 2114 2073)
4(2113 2154 2155 2114)
4(2154 2195 2196 2155)
4(2195 2236 2237 2196)
4(2236 2277 2278 2237)
4(2277 2318 2319 2278)
4(2318 2359 2360 2319)
4(2359 2400 2401 2360)
4(2400 2441 2442 2401)
4(2441 2482 2483 2442)
4(2482 2523 2524 2483)
4(2523 2564 2565 2524)
4(2564 2605 2606 2565)
4(2605 2646 2647 2606)
4(2646 2687 2688 2647)
4(2687 2728 2729 2688)
4(2728 2769 2770 2729)
4(2769 2810 2811 2770)
4(2810 2851 2852 2811)
4(2851 2892 2893 2852)
4(2892 2933 2934 2893)
4(2933 2974 2975 2934)
4(2974 3015 3016 2975)
4(3015 3056 3057 3016)
4(3056 3097 3098 3057)
4(3097 3138 3139 3098)
4(3138 3179 3180 3139)
4(3179 3220 3221 3180)
4(3220 3261 3262 3221)
4(3261 3302 3303 3262)
4(23 64 65 24)
4(64 105 106 65)
4(105 146 147 106)
4(146 187 188 147)
4(187 228 229 188)
4(228 269 270 229)
4(269 310 311 270)
4(310 351 352 311)
4(351 392 393 352)
4(392 433 434 393)
4(433 474 475 434)
4(474 515 516 475)
4(515 556 557 516)
4(556 597 598 557)
4(597 638 639 598)
4(638 679 680 639)
4(679 720 721 680)
4(720 761 762 721)
4(761 802 803 762)
4(802 843 844 803)
4(843 884 885 844)
4(884 925 926 885)
4(925 966 967 926)
4(966 1007 1008 967)
4(1007 1048 1049 1008)
4(1048 1089 1090 1049)
4(1089 1130 1131 1090)
4(1130 1171 1172 1131)
4(1171 1212 1213 1172)
4(1212 1253 1254 1213)
4(1253 1294 1295 1254)
4(1294 1335 1336 1295)
4(1335 1376 1377 1336)
4(1376 1417 1418 1377)
4(1417 1458 1459 1418)
4(1458 1499 1500 1459)
4(1499 1540 1541 1500)
4(1540 1581 1582 1541)
4(1581 1622 1623 1582)
4(1622 1663 1664 1623)
4(1663 1704 1705 1664)
4(1704 1745 1746 1705)
4(1745 1786 1787 1746)
4(1786 1827 1828 1787)
4(1827 1868 1869 1828)
4(1868 1909 1910 1869)
4(1909 1950 1951 1910)
4(1950 1991 1992 1951)
4(1991 2032 2033 1992)
4(2032 2073 2074 2033)
4(2073 2114 2115 2074)
4(2114 2155 2156 2115)
4(2155 2196 2197 2156)
4(2196 2237 2238 2197)
4(2237 2278 2279 2238)
4(2278 2319 2320 2279)
4(2319 2360 2361 2320)
4(2360 2401 2402 2361)
4(2401 2442 2443 2402)
4(2442 2483 2484 2443)
4(2483 2524 2525 2484)
4(2524 2565 2566 2525)
4(2565 2606 2607 2566)
4(2606 2647 2648 2607)
4(2647 2688 2689 2648)
4(2688 2729 2730 2689)
4(2729 2770 2771 2730)
4(2770 2811 2812 2771)
4(2811 2852 2853 2812)
4(2852 2893 2894 2853)
4(2893 2934 2935 2894)
4(2934 2975 2976 2935)
4(2975 3016 3017 2976)
4(3016 3057 3058 3017)
4(3057 3098 3099 3058)
4(3098 3139 3140 3099)
4(3139 3180 3181 3140)
4(3180 3221 3222 3181)
4(3221 3262 3263 3222)
4(3262 3303 3304 3263)
4(24 65 66 25)
4(65 106 107 66)
4(106 147 148 107)
4(147 188 189 148)
4(188 229 230 189)
4(229 270 271 230)
4(270 311 312 271)
4(311 352 353 312)
4(352 393 394 353)
4(393 434 435 394)
4(434 475 476 435)
4(475 516 517 476)
4(516 557 558 517)
4(557 598 599 558)
4(598 639 640 599)
4(639 680 681 640)
4(680 721 722 681)
4(721 762 763 722)
4(762 803 804 763)
4(803 844 845 804)
4(844 885 886 845)
4(885 926 927 886)
4(926 967 968 927)
4(967 1008 1009 968)
4(1008 1049 1050 1009)
4(1049 1090 1091 1050)
4(1090 1131 1132 1091)
4(1131 1172 1173 1132)
4(1172 1213 1214 1173)
4(1213 1254 1255 1214)
4(1254 1295 1296 1255)
4(1295 1336 1337 1296)
4(1336 1377 1378 1337)
4(1377 1418 1419 1378)
4(1418 1459 1460 1419)
4(1459 1500 1501 1460)
4(1500 1541 1542 1501)
4(1541 1582 1583 1542)
4(1582 1623 1624 1583)
4(1623 1664 1665 1624)
4(1664 1705 1706 1665)
4(1705 1746 1747 1706)
4(1746 1787 1788 1747)
4(1787 1828 1829 1788)
4(1828 1869 1870 1829)
4(1869 1910 1911 1870)
4(1910 1951 1952 1911)
4(1951 1992 1993 1952)
4(1992 2033 2034 1993)
4(2033 2074 2075 2034)
4(2074 2115 2116 2075)
4(2115 2156 2157 2116)
4(2156 2197 2198 2157)
4(2197 2238 2239 2198)
4(2238 2279 2280 2239)
4(2279 2320 2321 2280)
4(2320 2361 2362 2321)
4(2361 2402 2403 2362)
4(2402 2443 2444 2403)
4(2443 2484 2485 2444)
4(2484 2525 2526 2485)
4(2525 2566 2567 2526)
4(2566 2607 2608 2567)
4(2607 2648 2649 2608)
4(2648 2689 2690 2649)
4(2689 2730 2731 2690)
4(2730 2771 2772 2731)
4(2771 2812 2813 2772)
4(2812 2853 2854 2813)
4(2853 2894 2895 2854)
4(2894 2935 2936 2895)
4(2935 2976 2977 2936)
4(2976 3017 3018 2977)
4(3017 3058 3059 3018)
4(3058 3099 3100 3059)
4(3099 3140 3141 3100)
4(3140 3181 3182 3141)
4(3181 3222 3223 3182)
4(3222 3263 3264 3223)
4(3263 3304 3305 3264)
4(25 66 67 26)
4(66 107 108 67)
4(107 148 149 108)
4(148 189 190 149)
4(189 230 231 190)
4(230 271 272 231)
4(271 312 313 272)
4(312 353 354 313)
4(353 394 395 354)
4(394 435 436 395)
4(435 476 477 436)
4(476 517 518 477)
4(517 558 559 518)
4(558 599 600 559)
4(599 640 641 600)
4(640 681 682 641)
4(681 722 723 682)
4(722 763 764 723)
4(763 804 805 764)
4(804 845 846 805)
4(845 886 887 846)
4(886 927 928 887)
4(927 968 969 928)
4(968 1009 1010 969)
4(1009 1050 1051 1010)
4(1050 1091 1092 1051)
4(1091 1132 1133 1092)
4(1132 1173 1174 1133)
4(1173 1214 1215 1174)
4(1214 1255 1256 1215)
4(1255 1296 1297 1256)
4(1296 1337 1338 1297)
4(1337 1378 1379 1338)
4(1378 1419 1420 1379)
4(1419 1460 1461 1420)
4(1460 1501 1502 1461)
4(1501 1542 1543 1502)
4(1542 1583 1584 1543)
4(1583 1624 1625 1584)
4(1624 1665 1666 1625)
4(1665 1706 1707 1666)
4(1706 1747 1748 1707)
4(1747 1788 1789 1748)
4(1788 1829 1830 1789)
4(1829 1870 1871 1830)
4(1870 1911 1912 1871)
4(1911 1952 1953 1912)
4(1952 1993 1994 1953)
4(1993 2034 2035 1994)
4(2034 2075 2076 2035)
4(2075 2116 2117 2076)
4(2116 2157 2158 2117)
4(2157 2198 2199 2158)
4(2198 2239 2240 2199)
4(2239 2280 2281 2240)
4(2280 2321 2322 2281)
4(2321 2362 2363 2322)
4(2362 2403 2404 2363)
4(2403 2444 2445 2404)
4(2444 2485 2486 2445)
4(2485 2526 2527 2486)
4(2526 2567 2568 2527)
4(2567 2608 2609 2568)
4(2608 2649 2650 2609)
4(2649 2690 2691 2650)
4(2690 2731 2732 2691)
4(2731 2772 2773 2732)
4(2772 2813 2814 2773)
4(2813 2854 2855 2814)
4(2854 2895 2896 2855)
4(2895 2936 2937 2896)
4(2936 2977 2978 2937)
4(2977 3018 3019 2978)
4(3018 3059 3060 3019)
4(3059 3100 3101 3060)
4(3100 3141 3142 3101)
4(3141 3182 3183 3142)
4(3182 3223 3224 3183)
4(3223 3264 3265 3224)
4(3264 3305 3306 3265)
4(26 67 68 27)
4(67 108 109 68)
4(108 149 150 109)
4(149 190 191 150)
4(190 231 232 191)
4(231 272 273 232)
4(272 313 314 273)
4(313 354 355 314)
4(354 395 396 355)
4(395 436 437 396)
4(436 477 478 437)
4(477 518 519 478)
4(518 559 560 519)
4(559 600 601 560)
4(600 641 642 601)
4(641 682 683 642)
4(682 723 724 683)
4(723 764 765 724)
4(764 805 806 765)
4(805 846 847 806)
4(846 887 888 847)
4(887 928 929 888)
4(928 969 970 929)
4(969 1010 1011 970)
4(1010 1051 1052 1011)
4(1051 1092 1093 1052)
4(1092 1133 1134 1093)
4(1133 1174 1175 1134)
4(1174 1215 1216 1175)
4(1215 1256 1257 1216)
4(1256 1297 1298 1257)
4(1297 1338 1339 1298)
4(1338 1379 1380 1339)
4(1379 1420 1421 1380)
4(1420 1461 1462 1421)
4(1461 1502 1503 1462)
4(1502 1543 1544 1503)
4(1543 1584 1585 1544)
4(1584 1625 1626 1585)
4(1625 1666 1667 1626)
4(1666 1707 1708 1667)
4(1707 1748 1749 1708)
4(1748 1789 1790 1749)
4(1789 1830 1831 1790)
4(1830 1871 1872 1831)
4(1871 1912 1913 1872)
4(1912 1953 1954 1913)
4(1953 1994 1995 1954)
4(1994 2035 2036 1995)
4(2035 2076 2077 2036)
4(2076 2117 2118 2077)
4(2117 2158 2159 2118)
4(2158 2199 2200 2159)
4(2199 2240 2241 2200)
4(2240 2281 2282 2241)
4(2281 2322 2323 2282)
4(2322 2363 2364 2323)
4(2363 2404 2405 2364)
4(2404 2445 2446 2405)
4(2445 2486 2487 2446)
4(2486 2527 2528 2487)
4(2527 2568 2569 2528)
4(2568 2609 2610 2569)
4(2609 2650 2651 2610)
4(2650 2691 2692 2651)
4(2691 2732 2733 2692)
4(2732 2773 2774 2733)
4(2773 2814 2815 2774)
4(2814 2855 2856 2815)
4(2855 2896 2897 2856)
4(2896 2937 2938 2897)
4(2937 2978 2979 2938)
4(2978 3019 3020 2979)
4(3019 3060 3061 3020)
4(3060 3101 3102 3061)
4(3101 3142 3143 3102)
4(3142 3183 3184 3143)
4(3183 3224 3225 3184)
4(3224 3265 3266 3225)
4(3265 3306 3307 3266)
4(27 68 69 28)
4(68 109 110 69)
4(109 150 151 110)
4(150 191 192 151)
4(191 232 233 192)
4(232 273 274 233)
4(273 314 315 274)
4(314 355 356 315)
4(355 396 397 356)
4(396 437 438 397)
4(437 478 479 438)
4(478 519 520 479)
4(519 560 561 520)
4(560 601 602 561)
4(601 642 643 602)
4(642 683 684 643)
4(683 724 725 684)
4(724 765 766 725)
4(765 806 807 766)
4(806 847 848 807)
4(847 888 889 848)
4(888 929 930 889)
4(929 970 971 930)
4(970 1011 1012 971)
4(1011 1052 1053 1012)
4(1052 1093 1094 1053)
4(1093 1134 1135 1094)
4(1134 1175 1176 1135)
4(1175 1216 1217 1176)
4(1216 1257 1258 1217)
4(1257 1298 1299 1258)
4(1298 1339 1340 1299)
4(1339 1380 1381 1340)
4(1380 1421 1422 1381)
4(1421 1462 1463 1422)
4(1462 1503 1504 1463)
4(1503 1544 1545 1504)
4(1544 1585 1586 1545)
4(1585 1626 1627 1586)
4(1626 1667 1668 1627)
4(1667 1708 1709 1668)
4(1708 1749 1750 1709)
4(1749 1790 1791 1750)
4(1790 1831 1832 1791)
4(1831 1872 1873 1832)
4(1872 1913 1914 1873)
4(1913 1954 1955 1914)
4(1954 1995 1996 1955)
4(1995 2036 2037 1996)
4(2036 2077 2078 2037)
4(2077 2118 2119 2078)
4(2118 2159 2160 2119)
4(2159 2200 2201 2160)
4(2200 2241 2242 2201)
4(2241 2282 2283 2242)
4(2282 2323 2324 2283)
4(2323 2364 2365 2324)
4(2364 2405 2406 2365)
4(2405 2446 2447 2406)
4(2446 2487 2488 2447)
4(2487 2528 2529 2488)
4(2528 2569 2570 2529)
4(2569 2610 2611 2570)
4(2610 2651 2652 2611)
4(2651 2692 2693 2652)
4(2692 2733 2734 2693)
4(2733 2774 2775 2734)
4(2774 2815 2816 2775)
4(2815 2856 2857 2816)
4(2856 2897 2898 2857)
4(2897 2938 2939 2898)
4(2938 2979 2980 2939)
4(2979 3020 3021 2980)
4(3020 3061 3062 3021)
4(3061 3102 3103 3062)
4(3102 3143 3144 3103)
4(3143 3184 3185 3144)
4(3184 3225 3226 3185)
4(3225 3266 3267 3226)
4(3266 3307 3308 3267)
4(28 69 70 29)
4(69 110 111 70)
4(110 151 152 111)
4(151 192 193 152)
4(192 233 234 193)
4(233 274 275 234)
4(274 315 316 275)
4(315 356 357 316)
4(356 397 398 357)
4(397 438 439 398)
4(438 479 480 439)
4(479 520 521 480)
4(520 561 562 521)
4(561 602 603 562)
4(602 643 644 603)
4(643 684 685 644)
4(684 725 726 685)
4(725 766 767 726)
4(766 807 808 767)
4(807 848 849 808)
4(848 889 890 849)
4(889 930 931 890)
4(930 971 972 931)
4(971 1012 1013 972)
4(1012 1053 1054 1013)
4(1053 1094 1095 1054)
4(1094 1135 1136 1095)
4(1135 1176 1177 1136)
4(1176 1217 1218 1177)
4(1217 1258 1259 1218)
4(1258 1299 1300 1259)
4(1299 1340 1341 1300)
4(1340 1381 1382 1341)
4(1381 1422 1423 1382)
4(1422 1463 1464 1423)
4(1463 1504 1505 1464)
4(1504 1545 1546 1505)
4(1545 1586 1587 1546)
4(1586 1627 1628 1587)
4(1627 1668 1669 1628)
4(1668 1709 1710 1669)
4(1709 1750 1751 1710)
4(1750 1791 1792 1751)
4(1791 1832 1833 1792)
4(1832 1873 1874 1833)
4(1873 1914 1915 1874)
4(1914 1955 1956 1915)
4(1955 1996 1997 1956)
4(1996 2037 2038 1997)
4(2037 2078 2079 2038)
4(2078 2119 2120 2079)
4(2119 2160 2161 2120)
4(2160 2201 2202 2161)
4(2201 2242 2243 2202)
4(2242 2283 2284 2243)
4(2283 2324 2325 2284)
4(2324 2365 2366 2325)
4(2365 2406 2407 2366)
4(2406 2447 2448 2407)
4(2447 2488 2489 2448)
4(2488 2529 2530 2489)
4(2529 2570 2571 2530)
4(2570 2611 2612 2571)
4(2611 2652 2653 2612)
4(2652 2693 2694 2653)
4(2693 2734 2735 2694)
4(2734 2775 2776 2735)
4(2775 2816 2817 2776)
4(2816 2857 2858 2817)
4(2857 2898 2899 2858)
4(2898 2939 2940 2899)
4(2939 2980 2981 2940)
4(2980 3021 3022 2981)
4(3021 3062 3063 3022)
4(3062 3103 3104 3063)
4(3103 3144 3145 3104)
4(3144 3185 3186 3145)
4(3185 3226 3227 3186)
4(3226 3267 3268 3227)
4(3267 3308 3309 3268)
4(29 70 71 30)
4(70 111 112 71)
4(111 152 153 112)
4(152 193 194 153)
4(193 234 235 194)
4(234 275 276 235)
4(275 316 317 276)
4(316 357 358 317)
4(357 398 399 358)
4(398 439 440 399)
4(439 480 481 440)
4(480 521 522 481)
4(521 562 563 522)
4(562 603 604 563)
4(603 644 645 604)
4(644 685 686 645)
4(685 726 727 686)
4(726 767 768 727)
4(767 808 809 768)
4(808 849 850 809)
4(849 890 891 850)
4(890 931 932 891)
4(931 972 973 932)
4(972 1013 1014 973)
4(1013 1054 1055 1014)
4(1054 1095 1096 1055)
4(1095 1136 1137 1096)
4(1136 1177 1178 1137)
4(1177 1218 1219 1178)
4(1218 1259 1260 1219)
4(1259 1300 1301 1260)
4(1300 1341 1342 1301)
4(1341 1382 1383 1342)
4(1382 1423 1424 1383)
4(1423 1464 1465 1424)
4(1464 1505 1506 1465)
4(1505 1546 1547 1506)
4(1546 1587 1588 1547)
4(1587 1628 1629 1588)
4(1628 1669 1670 1629)
4(1669 1710 1711 1670)
4(1710 1751 1752 1711)
4(1751 1792 1793 1752)
4(1792 1833 1834 1793)
4(1833 1874 1875 1834)
4(1874 1915 1916 1875)
4(1915 1956 1957 1916)
4(1956 1997 1998 1957)
4(1997 2038 2039 1998)
4(2038 2079 2080 2039)
4(2079 2120 2121 2080)
4(2120 2161 2162 2121)
4(2161 2202 2203 2162)
4(2202 2243 2244 2203)
4(2243 2284 2285 2244)
4(2284 2325 2326 2285)
4(2325 2366 2367 2326)
4(2366 2407 2408 2367)
4(2407 2448 2449 2408)
4(2448 2489 2490 2449)
4(2489 2530 2531 2490)
4(2530 2571 2572 2531)
4(2571 2612 2613 2572)
4(2612 2653 2654 2613)
4(2653 2694 2695 2654)
4(2694 2735 2736 2695)
4(2735 2776 2777 2736)
4(2776 2817 2818 2777)
4(2817 2858 2859 2818)
4(2858 2899 2900 2859)
4(2899 2940 2941 2900)
4(2940 2981 2982 2941)
4(2981 3022 3023 2982)
4(3022 3063 3064 3023)
4(3063 3104 3105 3064)
4(3104 3145 3146 3105)
4(3145 3186 3187 3146)
4(3186 3227 3228 3187)
4(3227 3268 3269 3228)
4(3268 3309 3310 3269)
4(30 71 72 31)
4(71 112 113 72)
4(112 153 154 113)
4(153 194 195 154)
4(194 235 236 195)
4(235 276 277 236)
4(276 317 318 277)
4(317 358 359 318)
4(358 399 400 359)
4(399 440 441 400)
4(440 481 482 441)
4(481 522 523 482)
4(522 563 564 523)
4(563 604 605 564)
4(604 645 646 605)
4(645 686 687 646)
4(686 727 728 687)
4(727 768 769 728)
4(768 809 810 769)
4(809 850 851 810)
4(850 891 892 851)
4(891 932 933 892)
4(932 973 974 933)
4(973 1014 1015 974)
4(1014 1055 1056 1015)
4(1055 1096 1097 1056)
4(1096 1137 1138 1097)
4(1137 1178 1179 1138)
4(1178 1219 1220 1179)
4(1219 1260 1261 1220)
4(1260 1301 1302 1261)
4(1301 1342 1343 1302)
4(1342 1383 1384 1343)
4(1383 1424 1425 1384)
4(1424 1465 1466 1425)
4(1465 1506 1507 1466)
4(1506 1547 1548 1507)
4(1547 1588 1589 1548)
4(1588 1629 1630 1589)
4(1629 1670 1671 1630)
4(1670 1711 1712 1671)
4(1711 1752 1753 1712)
4(1752 1793 1794 1753)
4(1793 1834 1835 1794)
4(1834 1875 1876 1835)
4(1875 1916 1917 1876)
4(1916 1957 1958 1917)
4(1957 1998 1999 1958)
4(1998 2039 2040 1999)
4(2039 2080 2081 2040)
4(2080 2121 2122 2081)
4(2121 2162 2163 2122)
4(2162 2203 2204 2163)
4(2203 2244 2245 2204)
4(2244 2285 2286 2245)
4(2285 2326 2327 2286)
4(2326 2367 2368 2327)
4(2367 2408 2409 2368)
4(2408 2449 2450 2409)
4(2449 2490 2491 2450)
4(2490 2531 2532 2491)
4(2531 2572 2573 2532)
4(2572 2613 2614 2573)
4(2613 2654 2655 2614)
4(2654 2695 2696 2655)
4(2695 2736 2737 2696)
4(2736 2777 2778 2737)
4(2777 2818 2819 2778)
4(2818 2859 2860 2819)
4(2859 2900 2901 2860)
4(2900 2941 2942 2901)
4(2941 2982 2983 2942)
4(2982 3023 3024 2983)
4(3023 3064 3065 3024)
4(3064 3105 3106 3065)
4(3105 3146 3147 3106)
4(3146 3187 3188 3147)
4(3187 3228 3229 3188)
4(3228 3269 3270 3229)
4(3269 3310 3311 3270)
4(31 72 73 32)
4(72 113 114 73)
4(113 154 155 114)
4(154 195 196 155)
4(195 236 237 196)
4(236 277 278 237)
4(277 318 319 278)
4(318 359 360 319)
4(359 400 401 360)
4(400 441 442 401)
4(441 482 483 442)
4(482 523 524 483)
4(523 564 565 524)
4(564 605 606 565)
4(605 646 647 606)
4(646 687 688 647)
4(687 728 729 688)
4(728 769 770 729)
4(769 810 811 770)
4(810 851 852 811)
4(851 892 893 852)
4(892 933 934 893)
4(933 974 975 934)
4(974 1015 1016 975)
4(1015 1056 1057 1016)
4(1056 1097 1098 1057)
4(1097 1138 1139 1098)
4(1138 1179 1180 1139)
4(1179 1220 1221 1180)
4(1220 1261 1262 1221)
4(1261 1302 1303 1262)
4(1302 1343 1344 1303)
4(1343 1384 1385 1344)
4(1384 1425 1426 1385)
4(1425 1466 1467 1426)
4(1466 1507 1508 1467)
4(1507 1548 1549 1508)
4(1548 1589 1590 1549)
4(1589 1630 1631 1590)
4(1630 1671 1672 1631)
4(1671 1712 1713 1672)
4(1712 1753 1754 1713)
4(1753 1794 1795 1754)
4(1794 1835 1836 1795)
4(1835 1876 1877 1836)
4(1876 1917 1918 1877)
4(1917 1958 1959 1918)
4(1958 1999 2000 1959)
4(1999 2040 2041 2000)
4(2040 2081 2082 2041)
4(2081 2122 2123 2082)
4(2122 2163 2164 2123)
4(2163 2204 2205 2164)
4(2204 2245 2246 2205)
4(2245 2286 2287 2246)
4(2286 2327 2328 2287)
4(2327 2368 2369 2328)
4(2368 2409 2410 2369)
4(2409 2450 2451 2410)
4(2450 2491 2492 2451)
4(2491 2532 2533 2492)
4(2532 2573 2574 2533)
4(2573 2614 2615 2574)
4(2614 2655 2656 2615)
4(2655 2696 2697 2656)
4(2696 2737 2738 2697)
4(2737 2778 2779 2738)
4(2778 2819 2820 2779)
4(2819 2860 2861 2820)
4(2860 2901 2902 2861)
4(2901 2942 2943 2902)
4(2942 2983 2984 2943)
4(2983 3024 3025 2984)
4(3024 3065 3066 3025)
4(3065 3106 3107 3066)
4(3106 3147 3148 3107)
4(3147 3188 3189 3148)
4(3188 3229 3230 3189)
4(3229 3270 3271 3230)
4(3270 3311 3312 3271)
4(32 73 74 33)
4(73 114 115 74)
4(114 155 156 115)
4(155 196 197 156)
4(196 237 238 197)
4(237 278 279 238)
4(278 319 320 279)
4(319 360 361 320)
4(360 401 402 361)
4(401 442 443 402)
4(442 483 484 443)
4(483 524 525 484)
4(524 565 566 525)
4(565 606 607 566)
4(606 647 648 607)
4(647 688 689 648)
4(688 729 730 689)
4(729 770 771 730)
4(770 811 812 771)
4(811 852 853 812)
4(852 893 894 853)
4(893 934 935 894)
4(934 975 976 935)
4(975 1016 1017 976)
4(1016 1057 1058 1017)
4(1057 1098 1099 1058)
4(1098 1139 1140 1099)
4(1139 1180 1181 1140)
4(1180 1221 1222 1181)
4(1221 1262 1263 1222)
4(1262 1303 1304 1263)
4(1303 1344 1345 1304)
4(1344 1385 1386 1345)
4(1385 1426 1427 1386)
4(1426 1467 1468 1427)
4(1467 1508 1509 1468)
4(1508 1549 1550 1509)
4(1549 1590 1591 1550)
4(1590 1631 1632 1591)
4(1631 1672 1673 1632)
4(1672 1713 1714 1673)
4(1713 1754 1755 1714)
4(1754 1795 1796 1755)
4(1795 1836 1837 1796)
4(1836 1877 1878 1837)
4(1877 1918 1919 1878)
4(1918 1959 1960 1919)
4(1959 2000 2001 1960)
4(2000 2041 2042 2001)
4(2041 2082 2083 2042)
4(2082 2123 2124 2083)
4(2123 2164 2165 2124)
4(2164 2205 2206 2165)
4(2205 2246 2247 2206)
4(2246 2287 2288 2247)
4(2287 2328 2329 2288)
4(2328 2369 2370 2329)
4(2369 2410 2411 2370)
4(2410 2451 2452 2411)
4(2451 2492 2493 2452)
4(2492 2533 2534 2493)
4(2533 2574 2575 2534)
4(2574 2615 2616 2575)
4(2615 2656 2657 2616)
4(2656 2697 2698 2657)
4(2697 2738 2739 2698)
4(2738 2779 2780 2739)
4(2779 2820 2821 2780)
4(2820 2861 2862 2821)
4(2861 2902 2903 2862)
4(2902 2943 2944 2903)
4(2943 2984 2985 2944)
4(2984 3025 3026 2985)
4(3025 3066 3067 3026)
4(3066 3107 3108 3067)
4(3107 3148 3149 3108)
4(3148 3189 3190 3149)
4(3189 3230 3231 3190)
4(3230 3271 3272 3231)
4(3271 3312 3313 3272)
4(33 74 75 34)
4(74 115 116 75)
4(115 156 157 116)
4(156 197 198 157)
4(197 238 239 198)
4(238 279 280 239)
4(279 320 321 280)
4(320 361 362 321)
4(361 402 403 362)
4(402 443 444 403)
4(443 484 485 444)
4(484 525 526 485)
4(525 566 567 526)
4(566 607 608 567)
4(607 648 649 608)
4(648 689 690 649)
4(689 730 731 690)
4(730 771 772 731)
4(771 812 813 772)
4(812 853 854 813)
4(853 894 895 854)
4(894 935 936 895)
4(935 976 977 936)
4(976 1017 1018 977)
4(1017 1058 1059 1018)
4(1058 1099 1100 1059)
4(1099 1140 1141 1100)
4(1140 1181 1182 1141)
4(1181 1222 1223 1182)
4(1222 1263 1264 1223)
4(1263 1304 1305 1264)
4(1304 1345 1346 1305)
4(1345 1386 1387 1346)
4(1386 1427 1428 1387)
4(1427 1468 1469 1428)
4(1468 1509 1510 1469)
4(1509 1550 1551 1510)
4(1550 1591 1592 1551)
4(1591 1632 1633 1592)
4(1632 1673 1674 1633)
4(1673 1714 1715 1674)
4(1714 1755 1756 1715)
4(1755 1796 1797 1756)
4(1796 1837 1838 1797)
4(1837 1878 1879 1838)
4(1878 1919 1920 1879)
4(1919 1960 1961 1920)
4(1960 2001 2002 1961)
4(2001 2042 2043 2002)
4(2042 2083 2084 2043)
4(2083 2124 2125 2084)
4(2124 2165 2166 2125)
4(2165 2206 2207 2166)
4(2206 2247 2248 2207)
4(2247 2288 2289 2248)
4(2288 2329 2330 2289)
4(2329 2370 2371 2330)
4(2370 2411 2412 2371)
4(2411 2452 2453 2412)
4(2452 2493 2494 2453)
4(2493 2534 2535 2494)
4(2534 2575 2576 2535)
4(2575 2616 2617 2576)
4(2616 2657 2658 2617)
4(2657 2698 2699 2658)
4(2698 2739 2740 2699)
4(2739 2780 2781 2740)
4(2780 2821 2822 2781)
4(2821 2862 2863 2822)
4(2862 2903 2904 2863)
4(2903 2944 2945 2904)
4(2944 2985 2986 2945)
4(2985 3026 3027 2986)
4(3026 3067 3068 3027)
4(3067 3108 3109 3068)
4(3108 3149 3150 3109)
4(3149 3190 3191 3150)
4(3190 3231 3232 3191)
4(3231 3272 3273 3232)
4(3272 3313 3314 3273)
4(34 75 76 35)
4(75 116 117 76)
4(116 157 158 117)
4(157 198 199 158)
4(198 239 240 199)
4(239 280 281 240)
4(280 321 322 281)
4(321 362 363 322)
4(362 403 404 363)
4(403 444 445 404)
4(444 485 486 445)
4(485 526 527 486)
4(526 567 568 527)
4(567 608 609 568)
4(608 649 650 609)
4(649 690 691 650)
4(690 731 732 691)
4(731 772 773 732)
4(772 813 814 773)
4(813 854 855 814)
4(854 895 896 855)
4(895 936 937 896)
4(936 977 978 937)
4(977 1018 1019 978)
4(1018 1059 1060 1019)
4(1059 1100 1101 1060)
4(1100 1141 1142 1101)
4(1141 1182 1183 1142)
4(1182 1223 1224 1183)
4(1223 1264 1265 1224)
4(1264 1305 1306 1265)
4(1305 1346 1347 1306)
4(1346 1387 1388 1347)
4(1387 1428 1429 1388)
4(1428 1469 1470 1429)
4(1469 1510 1511 1470)
4(1510 1551 1552 1511)
4(1551 1592 1593 1552)
4(1592 1633 1634 1593)
4(1633 1674 1675 1634)
4(1674 1715 1716 1675)
4(1715 1756 1757 1716)
4(1756 1797 1798 1757)
4(1797 1838 1839 1798)
4(1838 1879 1880 1839)
4(1879 1920 1921 1880)
4(1920 1961 1962 1921)
4(1961 2002 2003 1962)
4(2002 2043 2044 2003)
4(2043 2084 2085 2044)
4(2084 2125 2126 2085)
4(2125 2166 2167 2126)
4(2166 2207 2208 2167)
4(2207 2248 2249 2208)
4(2248 2289 2290 2249)
4(2289 2330 2331 2290)
4(2330 2371 2372 2331)
4(2371 2412 2413 2372)
4(2412 2453 2454 2413)
4(2453 2494 2495 2454)
4(2494 2535 2536 2495)
4(2535 2576 2577 2536)
4(2576 2617 2618 2577)
4(2617 2658 2659 2618)
4(2658 2699 2700 2659)
4(2699 2740 2741 2700)
4(2740 2781 2782 2741)
4(2781 2822 2823 2782)
4(2822 2863 2864 2823)
4(2863 2904 2905 2864)
4(2904 2945 2946 2905)
4(2945 2986 2987 2946)
4(2986 3027 3028 2987)
4(3027 3068 3069 3028)
4(3068 3109 3110 3069)
4(3109 3150 3151 3110)
4(3150 3191 3192 3151)
4(3191 3232 3233 3192)
4(3232 3273 3274 3233)
4(3273 3314 3315 3274)
4(35 76 77 36)
4(76 117 118 77)
4(117 158 159 118)
4(158 199 200 159)
4(199 240 241 200)
4(240 281 282 241)
4(281 322 323 282)
4(322 363 364 323)
4(363 404 405 364)
4(404 445 446 405)
4(445 486 487 446)
4(486 527 528 487)
4(527 568 569 528)
4(568 609 610 569)
4(609 650 651 610)
4(650 691 692 651)
4(691 732 733 692)
4(732 773 774 733)
4(773 814 815 774)
4(814 855 856 815)
4(855 896 897 856)
4(896 937 938 897)
4(937 978 979 938)
4(978 1019 1020 979)
4(1019 1060 1061 1020)
4(1060 1101 1102 1061)
4(1101 1142 1143 1102)
4(1142 1183 1184 1143)
4(1183 1224 1225 1184)
4(1224 1265 1266 1225)
4(1265 1306 1307 1266)
4(1306 1347 1348 1307)
4(1347 1388 1389 1348)
4(1388 1429 1430 1389)
4(1429 1470 1471 1430)
4(1470 1511 1512 1471)
4(1511 1552 1553 1512)
4(1552 1593 1594 1553)
4(1593 1634 1635 1594)
4(1634 1675 1676 1635)
4(1675 1716 1717 1676)
4(1716 1757 1758 1717)
4(1757 1798 1799 1758)
4(1798 1839 1840 1799)
4(1839 1880 1881 1840)
4(1880 1921 1922 1881)
4(1921 1962 1963 1922)
4(1962 2003 2004 1963)
4(2003 2044 2045 2004)
4(2044 2085 2086 2045)
4(2085 2126 2127 2086)
4(2126 2167 2168 2127)
4(2167 2208 2209 2168)
4(2208 2249 2250 2209)
4(2249 2290 2291 2250)
4(2290 2331 2332 2291)
4(2331 2372 2373 2332)
4(2372 2413 2414 2373)
4(2413 2454 2455 2414)
4(2454 2495 2496 2455)
4(2495 2536 2537 2496)
4(2536 2577 2578 2537)
4(2577 2618 2619 2578)
4(2618 2659 2660 2619)
4(2659 2700 2701 2660)
4(2700 2741 2742 2701)
4(2741 2782 2783 2742)
4(2782 2823 2824 2783)
4(2823 2864 2865 2824)
4(2864 2905 2906 2865)
4(2905 2946 2947 2906)
4(2946 2987 2988 2947)
4(2987 3028 3029 2988)
4(3028 3069 3070 3029)
4(3069 3110 3111 3070)
4(3110 3151 3152 3111)
4(3151 3192 3193 3152)
4(3192 3233 3234 3193)
4(3233 3274 3275 3234)
4(3274 3315 3316 3275)
4(36 77 78 37)
4(77 118 119 78)
4(118 159 160 119)
4(159 200 201 160)
4(200 241 242 201)
4(241 282 283 242)
4(282 323 324 283)
4(323 364 365 324)
4(364 405 406 365)
4(405 446 447 406)
4(446 487 488 447)
4(487 528 529 488)
4(528 569 570 529)
4(569 610 611 570)
4(610 651 652 611)
4(651 692 693 652)
4(692 733 734 693)
4(733 774 775 734)
4(774 815 816 775)
4(815 856 857 816)
4(856 897 898 857)
4(897 938 939 898)
4(938 979 980 939)
4(979 1020 1021 980)
4(1020 1061 1062 1021)
4(1061 1102 1103 1062)
4(1102 1143 1144 1103)
4(1143 1184 1185 1144)
4(1184 1225 1226 1185)
4(1225 1266 1267 1226)
4(1266 1307 1308 1267)
4(1307 1348 1349 1308)
4(1348 1389 1390 1349)
4(1389 1430 1431 1390)
4(1430 1471 1472 1431)
4(1471 1512 1513 1472)
4(1512 1553 1554 1513)
4(1553 1594 1595 1554)
4(1594 1635 1636 1595)
4(1635 1676 1677 1636)
4(1676 1717 1718 1677)
4(1717 1758 1759 1718)
4(1758 1799 1800 1759)
4(1799 1840 1841 1800)
4(1840 1881 1882 1841)
4(1881 1922 1923 1882)
4(1922 1963 1964 1923)
4(1963 2004 2005 1964)
4(2004 2045 2046 2005)
4(2045 2086 2087 2046)
4(2086 2127 2128 2087)
4(2127 2168 2169 2128)
4(2168 2209 2210 2169)
4(2209 2250 2251 2210)
4(2250 2291 2292 2251)
4(2291 2332 2333 2292)
4(2332 2373 2374 2333)
4(2373 2414 2415 2374)
4(2414 2455 2456 2415)
4(2455 2496 2497 2456)
4(2496 2537 2538 2497)
4(2537 2578 2579 2538)
4(2578 2619 2620 2579)
4(2619 2660 2661 2620)
4(2660 2701 2702 2661)
4(2701 2742 2743 2702)
4(2742 2783 2784 2743)
4(2783 2824 2825 2784)
4(2824 2865 2866 2825)
4(2865 2906 2907 2866)
4(2906 2947 2948 2907)
4(2947 2988 2989 2948)
4(2988 3029 3030 2989)
4(3029 3070 3071 3030)
4(3070 3111 3112 3071)
4(3111 3152 3153 3112)
4(3152 3193 3194 3153)
4(3193 3234 3235 3194)
4(3234 3275 3276 3235)
4(3275 3316 3317 3276)
4(37 78 79 38)
4(78 119 120 79)
4(119 160 161 120)
4(160 201 202 161)
4(201 242 243 202)
4(242 283 284 243)
4(283 324 325 284)
4(324 365 366 325)
4(365 406 407 366)
4(406 447 448 407)
4(447 488 489 448)
4(488 529 530 489)
4(529 570 571 530)
4(570 611 612 571)
4(611 652 653 612)
4(652 693 694 653)
4(693 734 735 694)
4(734 775 776 735)
4(775 816 817 776)
4(816 857 858 817)
4(857 898 899 858)
4(898 939 940 899)
4(939 980 981 940)
4(980 1021 1022 981)
4(1021 1062 1063 1022)
4(1062 1103 1104 1063)
4(1103 1144 1145 1104)
4(1144 1185 1186 1145)
4(1185 1226 1227 1186)
4(1226 1267 1268 1227)
4(1267 1308 1309 1268)
4(1308 1349 1350 1309)
4(1349 1390 1391 1350)
4(1390 1431 1432 1391)
4(1431 1472 1473 1432)
4(1472 1513 1514 1473)
4(1513 1554 1555 1514)
4(1554 1595 1596 1555)
4(1595 1636 1637 1596)
4(1636 1677 1678 1637)
4(1677 1718 1719 1678)
4(1718 1759 1760 1719)
4(1759 1800 1801 1760)
4(1800 1841 1842 1801)
4(1841 1882 1883 1842)
4(1882 1923 1924 1883)
4(1923 1964 1965 1924)
4(1964 2005 2006 1965)
4(2005 2046 2047 2006)
4(2046 2087 2088 2047)
4(2087 2128 2129 2088)
4(2128 2169 2170 2129)
4(2169 2210 2211 2170)
4(2210 2251 2252 2211)
4(2251 2292 2293 2252)
4(2292 2333 2334 2293)
4(2333 2374 2375 2334)
4(2374 2415 2416 2375)
4(2415 2456 2457 2416)
4(2456 2497 2498 2457)
4(2497 2538 2539 2498)
4(2538 2579 2580 2539)
4(2579 2620 2621 2580)
4(2620 2661 2662 2621)
4(2661 2702 2703 2662)
4(2702 2743 2744 2703)
4(2743 2784 2785 2744)
4(2784 2825 2826 2785)
4(2825 2866 2867 2826)
4(2866 2907 2908 2867)
4(2907 2948 2949 2908)
4(2948 2989 2990 2949)
4(2989 3030 3031 2990)
4(3030 3071 3072 3031)
4(3071 3112 3113 3072)
4(3112 3153 3154 3113)
4(3153 3194 3195 3154)
4(3194 3235 3236 3195)
4(3235 3276 3277 3236)
4(3276 3317 3318 3277)
4(38 79 80 39)
4(79 120 121 80)
4(120 161 162 121)
4(161 202 203 162)
4(202 243 244 203)
4(243 284 285 244)
4(284 325 326 285)
4(325 366 367 326)
4(366 407 408 367)
4(407 448 449 408)
4(448 489 490 449)
4(489 530 531 490)
4(530 571 572 531)
4(571 612 613 572)
4(612 653 654 613)
4(653 694 695 654)
4(694 735 736 695)
4(735 776 777 736)
4(776 817 818 777)
4(817 858 859 818)
4(858 899 900 859)
4(899 940 941 900)
4(940 981 982 941)
4(981 1022 1023 982)
4(1022 1063 1064 1023)
4(1063 1104 1105 1064)
4(1104 1145 1146 1105)
4(1145 1186 1187 1146)
4(1186 1227 1228 1187)
4(1227 1268 1269 1228)
4(1268 1309 1310 1269)
4(1309 1350 1351 1310)
4(1350 1391 1392 1351)
4(1391 1432 1433 1392)
4(1432 1473 1474 1433)
4(1473 1514 1515 1474)
4(1514 1555 1556 1515)
4(1555 1596 1597 1556)
4(1596 1637 1638 1597)
4(1637 1678 1679 1638)
4(1678 1719 1720 1679)
4(1719 1760 1761 1720)
4(1760 1801 1802 1761)
4(1801 1842 1843 1802)
4(1842 1883 1884 1843)
4(1883 1924 1925 1884)
4(1924 1965 1966 1925)
4(1965 2006 2007 1966)
4(2006 2047 2048 2007)
4(2047 2088 2089 2048)
4(2088 2129 2130 2089)
4(2129 2170 2171 2130)
4(2170 2211 2212 2171)
4(2211 2252 2253 2212)
4(2252 2293 2294 2253)
4(2293 2334 2335 2294)
4(2334 2375 2376 2335)
4(2375 2416 2417 2376)
4(2416 2457 2458 2417)
4(2457 2498 2499 2458)
4(2498 2539 2540 2499)
4(2539 2580 2581 2540)
4(2580 2621 2622 2581)
4(2621 2662 2663 2622)
4(2662 2703 2704 2663)
4(2703 2744 2745 2704)
4(2744 2785 2786 2745)
4(2785 2826 2827 2786)
4(2826 2867 2868 2827)
4(2867 2908 2909 2868)
4(2908 2949 2950 2909)
4(2949 2990 2991 2950)
4(2990 3031 3032 2991)
4(3031 3072 3073 3032)
4(3072 3113 3114 3073)
4(3113 3154 3155 3114)
4(3154 3195 3196 3155)
4(3195 3236 3237 3196)
4(3236 3277 3278 3237)
4(3277 3318 3319 3278)
4(39 80 81 40)
4(80 121 122 81)
4(121 162 163 122)
4(162 203 204 163)
4(203 244 245 204)
4(244 285 286 245)
4(285 326 327 286)
4(326 367 368 327)
4(367 408 409 368)
4(408 449 450 409)
4(449 490 491 450)
4(490 531 532 491)
4(531 572 573 532)
4(572 613 614 573)
4(613 654 655 614)
4(654 695 696 655)
4(695 736 737 696)
4(736 777 778 737)
4(777 818 819 778)
4(818 859 860 819)
4(859 900 901 860)
4(900 941 942 901)
4(941 982 983 942)
4(982 1023 1024 983)
4(1023 1064 1065 1024)
4(1064 1105 1106 1065)
4(1105 1146 1147 1106)
4(1146 1187 1188 1147)
4(1187 1228 1229 1188)
4(1228 1269 1270 1229)
4(1269 1310 1311 1270)
4(1310 1351 1352 1311)
4(1351 1392 1393 1352)
4(1392 1433 1434 1393)
4(1433 1474 1475 1434)
4(1474 1515 1516 1475)
4(1515 1556 1557 1516)
4(1556 1597 1598 1557)
4(1597 1638 1639 1598)
4(1638 1679 1680 1639)
4(1679 1720 1721 1680)
4(1720 1761 1762 1721)
4(1761 1802 1803 1762)
4(1802 1843 1844 1803)
4(1843 1884 1885 1844)
4(1884 1925 1926 1885)
4(1925 1966 1967 1926)
4(1966 2007 2008 1967)
4(2007 2048 2049 2008)
4(2048 2089 2090 2049)
4(2089 2130 2131 2090)
4(2130 2171 2172 2131)
4(2171 2212 2213 2172)
4(2212 2253 2254 2213)
4(2253 2294 2295 2254)
4(2294 2335 2336 2295)
4(2335 2376 2377 2336)
4(2376 2417 2418 2377)
4(2417 2458 2459 2418)
4(2458 2499 2500 2459)
4(2499 2540 2541 2500)
4(2540 2581 2582 2541)
4(2581 2622 2623 2582)
4(2622 2663 2664 2623)
4(2663 2704 2705 2664)
4(2704 2745 2746 2705)
4(2745 2786 2787 2746)
4(2786 2827 2828 2787)
4(2827 2868 2869 2828)
4(2868 2909 2910 2869)
4(2909 2950 2951 2910)
4(2950 2991 2992 2951)
4(2991 3032 3033 2992)
4(3032 3073 3074 3033)
4(3073 3114 3115 3074)
4(3114 3155 3156 3115)
4(3155 3196 3197 3156)
4(3196 3237 3238 3197)
4(3237 3278 3279 3238)
4(3278 3319 3320 3279)
)


// ************************************************************************* //
