/*--------------------------------*- C++ -*----------------------------------*\
  =========                 |
  \\      /  F ield         | OpenFOAM: The Open Source CFD Toolbox
   \\    /   O peration     | Website:  https://openfoam.org
    \\  /    A nd           | Version:  8.x
     \\/     M anipulation  |
\*---------------------------------------------------------------------------*/
FoamFile
{
    version     2.0;
    format      ascii;
    class       vectorField;
    location    "constant/polyMesh";
    object      points;
}
// * * * * * * * * * * * * * * * * * * * * * * * * * * * * * * * * * * * * * //


3321
(
(0 0 0)
(0 0.000249762 -1.090485e-05)
(0 0.000499524 -2.18097e-05)
(0 0.000749286 -3.271455e-05)
(0 0.000999048 -4.36194e-05)
(0 0.00124881 -5.452425e-05)
(0 0.001498572 -6.54291e-05)
(0 0.001748334 -7.633395e-05)
(0 0.001998096 -8.72388e-05)
(0 0.002247858 -9.814365e-05)
(0 0.00249762 -0.0001090485)
(0 0.002747382 -0.00011995335)
(0 0.002997144 -0.0001308582)
(0 0.003246906 -0.00014176305)
(0 0.003496668 -0.0001526679)
(0 0.00374643 -0.00016357275)
(0 0.003996192 -0.0001744776)
(0 0.004245954 -0.00018538245)
(0 0.004495716 -0.0001962873)
(0 0.004745478 -0.00020719215)
(0 0.00499524 -0.000218097)
(0 0.000249762 1.090485e-05)
(0 0.000499524 2.18097e-05)
(0 0.000749286 3.271455e-05)
(0 0.000999048 4.36194e-05)
(0 0.00124881 5.452425e-05)
(0 0.001498572 6.54291e-05)
(0 0.001748334 7.633395e-05)
(0 0.001998096 8.72388e-05)
(0 0.002247858 9.814365e-05)
(0 0.00249762 0.0001090485)
(0 0.002747382 0.00011995335)
(0 0.002997144 0.0001308582)
(0 0.003246906 0.00014176305)
(0 0.003496668 0.0001526679)
(0 0.00374643 0.00016357275)
(0 0.003996192 0.0001744776)
(0 0.004245954 0.00018538245)
(0 0.004495716 0.0001962873)
(0 0.004745478 0.00020719215)
(0 0.00499524 0.000218097)
(0.00025 0 0)
(0.00025 0.000249762 -1.090485e-05)
(0.00025 0.000499524 -2.18097e-05)
(0.00025 0.000749286 -3.271455e-05)
(0.00025 0.000999048 -4.36194e-05)
(0.00025 0.00124881 -5.452425e-05)
(0.00025 0.001498572 -6.54291e-05)
(0.00025 0.001748334 -7.633395e-05)
(0.00025 0.001998096 -8.72388e-05)
(0.00025 0.002247858 -9.814365e-05)
(0.00025 0.00249762 -0.0001090485)
(0.00025 0.002747382 -0.00011995335)
(0.00025 0.002997144 -0.0001308582)
(0.00025 0.003246906 -0.00014176305)
(0.00025 0.003496668 -0.0001526679)
(0.00025 0.00374643 -0.00016357275)
(0.00025 0.003996192 -0.0001744776)
(0.00025 0.004245954 -0.00018538245)
(0.00025 0.004495716 -0.0001962873)
(0.00025 0.004745478 -0.00020719215)
(0.00025 0.00499524 -0.000218097)
(0.00025 0.000249762 1.090485e-05)
(0.00025 0.000499524 2.18097e-05)
(0.00025 0.000749286 3.271455e-05)
(0.00025 0.000999048 4.36194e-05)
(0.00025 0.00124881 5.452425e-05)
(0.00025 0.001498572 6.54291e-05)
(0.00025 0.001748334 7.633395e-05)
(0.00025 0.001998096 8.72388e-05)
(0.00025 0.002247858 9.814365e-05)
(0.00025 0.00249762 0.0001090485)
(0.00025 0.002747382 0.00011995335)
(0.00025 0.002997144 0.0001308582)
(0.00025 0.003246906 0.00014176305)
(0.00025 0.003496668 0.0001526679)
(0.00025 0.00374643 0.00016357275)
(0.00025 0.003996192 0.0001744776)
(0.00025 0.004245954 0.00018538245)
(0.00025 0.004495716 0.0001962873)
(0.00025 0.004745478 0.00020719215)
(0.00025 0.00499524 0.000218097)
(0.0005 0 0)
(0.0005 0.000249762 -1.090485e-05)
(0.0005 0.000499524 -2.18097e-05)
(0.0005 0.000749286 -3.271455e-05)
(0.0005 0.000999048 -4.36194e-05)
(0.0005 0.00124881 -5.452425e-05)
(0.0005 0.001498572 -6.54291e-05)
(0.0005 0.001748334 -7.633395e-05)
(0.0005 0.001998096 -8.72388e-05)
(0.0005 0.002247858 -9.814365e-05)
(0.0005 0.00249762 -0.0001090485)
(0.0005 0.002747382 -0.00011995335)
(0.0005 0.002997144 -0.0001308582)
(0.0005 0.003246906 -0.00014176305)
(0.0005 0.003496668 -0.0001526679)
(0.0005 0.00374643 -0.00016357275)
(0.0005 0.003996192 -0.0001744776)
(0.0005 0.004245954 -0.00018538245)
(0.0005 0.004495716 -0.0001962873)
(0.0005 0.004745478 -0.00020719215)
(0.0005 0.00499524 -0.000218097)
(0.0005 0.000249762 1.090485e-05)
(0.0005 0.000499524 2.18097e-05)
(0.0005 0.000749286 3.271455e-05)
(0.0005 0.000999048 4.36194e-05)
(0.0005 0.00124881 5.452425e-05)
(0.0005 0.001498572 6.54291e-05)
(0.0005 0.001748334 7.633395e-05)
(0.0005 0.001998096 8.72388e-05)
(0.0005 0.002247858 9.814365e-05)
(0.0005 0.00249762 0.0001090485)
(0.0005 0.002747382 0.00011995335)
(0.0005 0.002997144 0.0001308582)
(0.0005 0.003246906 0.00014176305)
(0.0005 0.003496668 0.0001526679)
(0.0005 0.00374643 0.00016357275)
(0.0005 0.003996192 0.0001744776)
(0.0005 0.004245954 0.00018538245)
(0.0005 0.004495716 0.0001962873)
(0.0005 0.004745478 0.00020719215)
(0.0005 0.00499524 0.000218097)
(0.00075 0 0)
(0.00075 0.000249762 -1.090485e-05)
(0.00075 0.000499524 -2.18097e-05)
(0.00075 0.000749286 -3.271455e-05)
(0.00075 0.000999048 -4.36194e-05)
(0.00075 0.00124881 -5.452425e-05)
(0.00075 0.001498572 -6.54291e-05)
(0.00075 0.001748334 -7.633395e-05)
(0.00075 0.001998096 -8.72388e-05)
(0.00075 0.002247858 -9.814365e-05)
(0.00075 0.00249762 -0.0001090485)
(0.00075 0.002747382 -0.00011995335)
(0.00075 0.002997144 -0.0001308582)
(0.00075 0.003246906 -0.00014176305)
(0.00075 0.003496668 -0.0001526679)
(0.00075 0.00374643 -0.00016357275)
(0.00075 0.003996192 -0.0001744776)
(0.00075 0.004245954 -0.00018538245)
(0.00075 0.004495716 -0.0001962873)
(0.00075 0.004745478 -0.00020719215)
(0.00075 0.00499524 -0.000218097)
(0.00075 0.000249762 1.090485e-05)
(0.00075 0.000499524 2.18097e-05)
(0.00075 0.000749286 3.271455e-05)
(0.00075 0.000999048 4.36194e-05)
(0.00075 0.00124881 5.452425e-05)
(0.00075 0.001498572 6.54291e-05)
(0.00075 0.001748334 7.633395e-05)
(0.00075 0.001998096 8.72388e-05)
(0.00075 0.002247858 9.814365e-05)
(0.00075 0.00249762 0.0001090485)
(0.00075 0.002747382 0.00011995335)
(0.00075 0.002997144 0.0001308582)
(0.00075 0.003246906 0.00014176305)
(0.00075 0.003496668 0.0001526679)
(0.00075 0.00374643 0.00016357275)
(0.00075 0.003996192 0.0001744776)
(0.00075 0.004245954 0.00018538245)
(0.00075 0.004495716 0.0001962873)
(0.00075 0.004745478 0.00020719215)
(0.00075 0.00499524 0.000218097)
(0.001 0 0)
(0.001 0.000249762 -1.090485e-05)
(0.001 0.000499524 -2.18097e-05)
(0.001 0.000749286 -3.271455e-05)
(0.001 0.000999048 -4.36194e-05)
(0.001 0.00124881 -5.452425e-05)
(0.001 0.001498572 -6.54291e-05)
(0.001 0.001748334 -7.633395e-05)
(0.001 0.001998096 -8.72388e-05)
(0.001 0.002247858 -9.814365e-05)
(0.001 0.00249762 -0.0001090485)
(0.001 0.002747382 -0.00011995335)
(0.001 0.002997144 -0.0001308582)
(0.001 0.003246906 -0.00014176305)
(0.001 0.003496668 -0.0001526679)
(0.001 0.00374643 -0.00016357275)
(0.001 0.003996192 -0.0001744776)
(0.001 0.004245954 -0.00018538245)
(0.001 0.004495716 -0.0001962873)
(0.001 0.004745478 -0.00020719215)
(0.001 0.00499524 -0.000218097)
(0.001 0.000249762 1.090485e-05)
(0.001 0.000499524 2.18097e-05)
(0.001 0.000749286 3.271455e-05)
(0.001 0.000999048 4.36194e-05)
(0.001 0.00124881 5.452425e-05)
(0.001 0.001498572 6.54291e-05)
(0.001 0.001748334 7.633395e-05)
(0.001 0.001998096 8.72388e-05)
(0.001 0.002247858 9.814365e-05)
(0.001 0.00249762 0.0001090485)
(0.001 0.002747382 0.00011995335)
(0.001 0.002997144 0.0001308582)
(0.001 0.003246906 0.00014176305)
(0.001 0.003496668 0.0001526679)
(0.001 0.00374643 0.00016357275)
(0.001 0.003996192 0.0001744776)
(0.001 0.004245954 0.00018538245)
(0.001 0.004495716 0.0001962873)
(0.001 0.004745478 0.00020719215)
(0.001 0.00499524 0.000218097)
(0.00125 0 0)
(0.00125 0.000249762 -1.090485e-05)
(0.00125 0.000499524 -2.18097e-05)
(0.00125 0.000749286 -3.271455e-05)
(0.00125 0.000999048 -4.36194e-05)
(0.00125 0.00124881 -5.452425e-05)
(0.00125 0.001498572 -6.54291e-05)
(0.00125 0.001748334 -7.633395e-05)
(0.00125 0.001998096 -8.72388e-05)
(0.00125 0.002247858 -9.814365e-05)
(0.00125 0.00249762 -0.0001090485)
(0.00125 0.002747382 -0.00011995335)
(0.00125 0.002997144 -0.0001308582)
(0.00125 0.003246906 -0.00014176305)
(0.00125 0.003496668 -0.0001526679)
(0.00125 0.00374643 -0.00016357275)
(0.00125 0.003996192 -0.0001744776)
(0.00125 0.004245954 -0.00018538245)
(0.00125 0.004495716 -0.0001962873)
(0.00125 0.004745478 -0.00020719215)
(0.00125 0.00499524 -0.000218097)
(0.00125 0.000249762 1.090485e-05)
(0.00125 0.000499524 2.18097e-05)
(0.00125 0.000749286 3.271455e-05)
(0.00125 0.000999048 4.36194e-05)
(0.00125 0.00124881 5.452425e-05)
(0.00125 0.001498572 6.54291e-05)
(0.00125 0.001748334 7.633395e-05)
(0.00125 0.001998096 8.72388e-05)
(0.00125 0.002247858 9.814365e-05)
(0.00125 0.00249762 0.0001090485)
(0.00125 0.002747382 0.00011995335)
(0.00125 0.002997144 0.0001308582)
(0.00125 0.003246906 0.00014176305)
(0.00125 0.003496668 0.0001526679)
(0.00125 0.00374643 0.00016357275)
(0.00125 0.003996192 0.0001744776)
(0.00125 0.004245954 0.00018538245)
(0.00125 0.004495716 0.0001962873)
(0.00125 0.004745478 0.00020719215)
(0.00125 0.00499524 0.000218097)
(0.0015 0 0)
(0.0015 0.000249762 -1.090485e-05)
(0.0015 0.000499524 -2.18097e-05)
(0.0015 0.000749286 -3.271455e-05)
(0.0015 0.000999048 -4.36194e-05)
(0.0015 0.00124881 -5.452425e-05)
(0.0015 0.001498572 -6.54291e-05)
(0.0015 0.001748334 -7.633395e-05)
(0.0015 0.001998096 -8.72388e-05)
(0.0015 0.002247858 -9.814365e-05)
(0.0015 0.00249762 -0.0001090485)
(0.0015 0.002747382 -0.00011995335)
(0.0015 0.002997144 -0.0001308582)
(0.0015 0.003246906 -0.00014176305)
(0.0015 0.003496668 -0.0001526679)
(0.0015 0.00374643 -0.00016357275)
(0.0015 0.003996192 -0.0001744776)
(0.0015 0.004245954 -0.00018538245)
(0.0015 0.004495716 -0.0001962873)
(0.0015 0.004745478 -0.00020719215)
(0.0015 0.00499524 -0.000218097)
(0.0015 0.000249762 1.090485e-05)
(0.0015 0.000499524 2.18097e-05)
(0.0015 0.000749286 3.271455e-05)
(0.0015 0.000999048 4.36194e-05)
(0.0015 0.00124881 5.452425e-05)
(0.0015 0.001498572 6.54291e-05)
(0.0015 0.001748334 7.633395e-05)
(0.0015 0.001998096 8.72388e-05)
(0.0015 0.002247858 9.814365e-05)
(0.0015 0.00249762 0.0001090485)
(0.0015 0.002747382 0.00011995335)
(0.0015 0.002997144 0.0001308582)
(0.0015 0.003246906 0.00014176305)
(0.0015 0.003496668 0.0001526679)
(0.0015 0.00374643 0.00016357275)
(0.0015 0.003996192 0.0001744776)
(0.0015 0.004245954 0.00018538245)
(0.0015 0.004495716 0.0001962873)
(0.0015 0.004745478 0.00020719215)
(0.0015 0.00499524 0.000218097)
(0.00175 0 0)
(0.00175 0.000249762 -1.090485e-05)
(0.00175 0.000499524 -2.18097e-05)
(0.00175 0.000749286 -3.271455e-05)
(0.00175 0.000999048 -4.36194e-05)
(0.00175 0.00124881 -5.452425e-05)
(0.00175 0.001498572 -6.54291e-05)
(0.00175 0.001748334 -7.633395e-05)
(0.00175 0.001998096 -8.72388e-05)
(0.00175 0.002247858 -9.814365e-05)
(0.00175 0.00249762 -0.0001090485)
(0.00175 0.002747382 -0.00011995335)
(0.00175 0.002997144 -0.0001308582)
(0.00175 0.003246906 -0.00014176305)
(0.00175 0.003496668 -0.0001526679)
(0.00175 0.00374643 -0.00016357275)
(0.00175 0.003996192 -0.0001744776)
(0.00175 0.004245954 -0.00018538245)
(0.00175 0.004495716 -0.0001962873)
(0.00175 0.004745478 -0.00020719215)
(0.00175 0.00499524 -0.000218097)
(0.00175 0.000249762 1.090485e-05)
(0.00175 0.000499524 2.18097e-05)
(0.00175 0.000749286 3.271455e-05)
(0.00175 0.000999048 4.36194e-05)
(0.00175 0.00124881 5.452425e-05)
(0.00175 0.001498572 6.54291e-05)
(0.00175 0.001748334 7.633395e-05)
(0.00175 0.001998096 8.72388e-05)
(0.00175 0.002247858 9.814365e-05)
(0.00175 0.00249762 0.0001090485)
(0.00175 0.002747382 0.00011995335)
(0.00175 0.002997144 0.0001308582)
(0.00175 0.003246906 0.00014176305)
(0.00175 0.003496668 0.0001526679)
(0.00175 0.00374643 0.00016357275)
(0.00175 0.003996192 0.0001744776)
(0.00175 0.004245954 0.00018538245)
(0.00175 0.004495716 0.0001962873)
(0.00175 0.004745478 0.00020719215)
(0.00175 0.00499524 0.000218097)
(0.002 0 0)
(0.002 0.000249762 -1.090485e-05)
(0.002 0.000499524 -2.18097e-05)
(0.002 0.000749286 -3.271455e-05)
(0.002 0.000999048 -4.36194e-05)
(0.002 0.00124881 -5.452425e-05)
(0.002 0.001498572 -6.54291e-05)
(0.002 0.001748334 -7.633395e-05)
(0.002 0.001998096 -8.72388e-05)
(0.002 0.002247858 -9.814365e-05)
(0.002 0.00249762 -0.0001090485)
(0.002 0.002747382 -0.00011995335)
(0.002 0.002997144 -0.0001308582)
(0.002 0.003246906 -0.00014176305)
(0.002 0.003496668 -0.0001526679)
(0.002 0.00374643 -0.00016357275)
(0.002 0.003996192 -0.0001744776)
(0.002 0.004245954 -0.00018538245)
(0.002 0.004495716 -0.0001962873)
(0.002 0.004745478 -0.00020719215)
(0.002 0.00499524 -0.000218097)
(0.002 0.000249762 1.090485e-05)
(0.002 0.000499524 2.18097e-05)
(0.002 0.000749286 3.271455e-05)
(0.002 0.000999048 4.36194e-05)
(0.002 0.00124881 5.452425e-05)
(0.002 0.001498572 6.54291e-05)
(0.002 0.001748334 7.633395e-05)
(0.002 0.001998096 8.72388e-05)
(0.002 0.002247858 9.814365e-05)
(0.002 0.00249762 0.0001090485)
(0.002 0.002747382 0.00011995335)
(0.002 0.002997144 0.0001308582)
(0.002 0.003246906 0.00014176305)
(0.002 0.003496668 0.0001526679)
(0.002 0.00374643 0.00016357275)
(0.002 0.003996192 0.0001744776)
(0.002 0.004245954 0.00018538245)
(0.002 0.004495716 0.0001962873)
(0.002 0.004745478 0.00020719215)
(0.002 0.00499524 0.000218097)
(0.00225 0 0)
(0.00225 0.000249762 -1.090485e-05)
(0.00225 0.000499524 -2.18097e-05)
(0.00225 0.000749286 -3.271455e-05)
(0.00225 0.000999048 -4.36194e-05)
(0.00225 0.00124881 -5.452425e-05)
(0.00225 0.001498572 -6.54291e-05)
(0.00225 0.001748334 -7.633395e-05)
(0.00225 0.001998096 -8.72388e-05)
(0.00225 0.002247858 -9.814365e-05)
(0.00225 0.00249762 -0.0001090485)
(0.00225 0.002747382 -0.00011995335)
(0.00225 0.002997144 -0.0001308582)
(0.00225 0.003246906 -0.00014176305)
(0.00225 0.003496668 -0.0001526679)
(0.00225 0.00374643 -0.00016357275)
(0.00225 0.003996192 -0.0001744776)
(0.00225 0.004245954 -0.00018538245)
(0.00225 0.004495716 -0.0001962873)
(0.00225 0.004745478 -0.00020719215)
(0.00225 0.00499524 -0.000218097)
(0.00225 0.000249762 1.090485e-05)
(0.00225 0.000499524 2.18097e-05)
(0.00225 0.000749286 3.271455e-05)
(0.00225 0.000999048 4.36194e-05)
(0.00225 0.00124881 5.452425e-05)
(0.00225 0.001498572 6.54291e-05)
(0.00225 0.001748334 7.633395e-05)
(0.00225 0.001998096 8.72388e-05)
(0.00225 0.002247858 9.814365e-05)
(0.00225 0.00249762 0.0001090485)
(0.00225 0.002747382 0.00011995335)
(0.00225 0.002997144 0.0001308582)
(0.00225 0.003246906 0.00014176305)
(0.00225 0.003496668 0.0001526679)
(0.00225 0.00374643 0.00016357275)
(0.00225 0.003996192 0.0001744776)
(0.00225 0.004245954 0.00018538245)
(0.00225 0.004495716 0.0001962873)
(0.00225 0.004745478 0.00020719215)
(0.00225 0.00499524 0.000218097)
(0.0025 0 0)
(0.0025 0.000249762 -1.090485e-05)
(0.0025 0.000499524 -2.18097e-05)
(0.0025 0.000749286 -3.271455e-05)
(0.0025 0.000999048 -4.36194e-05)
(0.0025 0.00124881 -5.452425e-05)
(0.0025 0.001498572 -6.54291e-05)
(0.0025 0.001748334 -7.633395e-05)
(0.0025 0.001998096 -8.72388e-05)
(0.0025 0.002247858 -9.814365e-05)
(0.0025 0.00249762 -0.0001090485)
(0.0025 0.002747382 -0.00011995335)
(0.0025 0.002997144 -0.0001308582)
(0.0025 0.003246906 -0.00014176305)
(0.0025 0.003496668 -0.0001526679)
(0.0025 0.00374643 -0.00016357275)
(0.0025 0.003996192 -0.0001744776)
(0.0025 0.004245954 -0.00018538245)
(0.0025 0.004495716 -0.0001962873)
(0.0025 0.004745478 -0.00020719215)
(0.0025 0.00499524 -0.000218097)
(0.0025 0.000249762 1.090485e-05)
(0.0025 0.000499524 2.18097e-05)
(0.0025 0.000749286 3.271455e-05)
(0.0025 0.000999048 4.36194e-05)
(0.0025 0.00124881 5.452425e-05)
(0.0025 0.001498572 6.54291e-05)
(0.0025 0.001748334 7.633395e-05)
(0.0025 0.001998096 8.72388e-05)
(0.0025 0.002247858 9.814365e-05)
(0.0025 0.00249762 0.0001090485)
(0.0025 0.002747382 0.00011995335)
(0.0025 0.002997144 0.0001308582)
(0.0025 0.003246906 0.00014176305)
(0.0025 0.003496668 0.0001526679)
(0.0025 0.00374643 0.00016357275)
(0.0025 0.003996192 0.0001744776)
(0.0025 0.004245954 0.00018538245)
(0.0025 0.004495716 0.0001962873)
(0.0025 0.004745478 0.00020719215)
(0.0025 0.00499524 0.000218097)
(0.00275 0 0)
(0.00275 0.000249762 -1.090485e-05)
(0.00275 0.000499524 -2.18097e-05)
(0.00275 0.000749286 -3.271455e-05)
(0.00275 0.000999048 -4.36194e-05)
(0.00275 0.00124881 -5.452425e-05)
(0.00275 0.001498572 -6.54291e-05)
(0.00275 0.001748334 -7.633395e-05)
(0.00275 0.001998096 -8.72388e-05)
(0.00275 0.002247858 -9.814365e-05)
(0.00275 0.00249762 -0.0001090485)
(0.00275 0.002747382 -0.00011995335)
(0.00275 0.002997144 -0.0001308582)
(0.00275 0.003246906 -0.00014176305)
(0.00275 0.003496668 -0.0001526679)
(0.00275 0.00374643 -0.00016357275)
(0.00275 0.003996192 -0.0001744776)
(0.00275 0.004245954 -0.00018538245)
(0.00275 0.004495716 -0.0001962873)
(0.00275 0.004745478 -0.00020719215)
(0.00275 0.00499524 -0.000218097)
(0.00275 0.000249762 1.090485e-05)
(0.00275 0.000499524 2.18097e-05)
(0.00275 0.000749286 3.271455e-05)
(0.00275 0.000999048 4.36194e-05)
(0.00275 0.00124881 5.452425e-05)
(0.00275 0.001498572 6.54291e-05)
(0.00275 0.001748334 7.633395e-05)
(0.00275 0.001998096 8.72388e-05)
(0.00275 0.002247858 9.814365e-05)
(0.00275 0.00249762 0.0001090485)
(0.00275 0.002747382 0.00011995335)
(0.00275 0.002997144 0.0001308582)
(0.00275 0.003246906 0.00014176305)
(0.00275 0.003496668 0.0001526679)
(0.00275 0.00374643 0.00016357275)
(0.00275 0.003996192 0.0001744776)
(0.00275 0.004245954 0.00018538245)
(0.00275 0.004495716 0.0001962873)
(0.00275 0.004745478 0.00020719215)
(0.00275 0.00499524 0.000218097)
(0.003 0 0)
(0.003 0.000249762 -1.090485e-05)
(0.003 0.000499524 -2.18097e-05)
(0.003 0.000749286 -3.271455e-05)
(0.003 0.000999048 -4.36194e-05)
(0.003 0.00124881 -5.452425e-05)
(0.003 0.001498572 -6.54291e-05)
(0.003 0.001748334 -7.633395e-05)
(0.003 0.001998096 -8.72388e-05)
(0.003 0.002247858 -9.814365e-05)
(0.003 0.00249762 -0.0001090485)
(0.003 0.002747382 -0.00011995335)
(0.003 0.002997144 -0.0001308582)
(0.003 0.003246906 -0.00014176305)
(0.003 0.003496668 -0.0001526679)
(0.003 0.00374643 -0.00016357275)
(0.003 0.003996192 -0.0001744776)
(0.003 0.004245954 -0.00018538245)
(0.003 0.004495716 -0.0001962873)
(0.003 0.004745478 -0.00020719215)
(0.003 0.00499524 -0.000218097)
(0.003 0.000249762 1.090485e-05)
(0.003 0.000499524 2.18097e-05)
(0.003 0.000749286 3.271455e-05)
(0.003 0.000999048 4.36194e-05)
(0.003 0.00124881 5.452425e-05)
(0.003 0.001498572 6.54291e-05)
(0.003 0.001748334 7.633395e-05)
(0.003 0.001998096 8.72388e-05)
(0.003 0.002247858 9.814365e-05)
(0.003 0.00249762 0.0001090485)
(0.003 0.002747382 0.00011995335)
(0.003 0.002997144 0.0001308582)
(0.003 0.003246906 0.00014176305)
(0.003 0.003496668 0.0001526679)
(0.003 0.00374643 0.00016357275)
(0.003 0.003996192 0.0001744776)
(0.003 0.004245954 0.00018538245)
(0.003 0.004495716 0.0001962873)
(0.003 0.004745478 0.00020719215)
(0.003 0.00499524 0.000218097)
(0.00325 0 0)
(0.00325 0.000249762 -1.090485e-05)
(0.00325 0.000499524 -2.18097e-05)
(0.00325 0.000749286 -3.271455e-05)
(0.00325 0.000999048 -4.36194e-05)
(0.00325 0.00124881 -5.452425e-05)
(0.00325 0.001498572 -6.54291e-05)
(0.00325 0.001748334 -7.633395e-05)
(0.00325 0.001998096 -8.72388e-05)
(0.00325 0.002247858 -9.814365e-05)
(0.00325 0.00249762 -0.0001090485)
(0.00325 0.002747382 -0.00011995335)
(0.00325 0.002997144 -0.0001308582)
(0.00325 0.003246906 -0.00014176305)
(0.00325 0.003496668 -0.0001526679)
(0.00325 0.00374643 -0.00016357275)
(0.00325 0.003996192 -0.0001744776)
(0.00325 0.004245954 -0.00018538245)
(0.00325 0.004495716 -0.0001962873)
(0.00325 0.004745478 -0.00020719215)
(0.00325 0.00499524 -0.000218097)
(0.00325 0.000249762 1.090485e-05)
(0.00325 0.000499524 2.18097e-05)
(0.00325 0.000749286 3.271455e-05)
(0.00325 0.000999048 4.36194e-05)
(0.00325 0.00124881 5.452425e-05)
(0.00325 0.001498572 6.54291e-05)
(0.00325 0.001748334 7.633395e-05)
(0.00325 0.001998096 8.72388e-05)
(0.00325 0.002247858 9.814365e-05)
(0.00325 0.00249762 0.0001090485)
(0.00325 0.002747382 0.00011995335)
(0.00325 0.002997144 0.0001308582)
(0.00325 0.003246906 0.00014176305)
(0.00325 0.003496668 0.0001526679)
(0.00325 0.00374643 0.00016357275)
(0.00325 0.003996192 0.0001744776)
(0.00325 0.004245954 0.00018538245)
(0.00325 0.004495716 0.0001962873)
(0.00325 0.004745478 0.00020719215)
(0.00325 0.00499524 0.000218097)
(0.0035 0 0)
(0.0035 0.000249762 -1.090485e-05)
(0.0035 0.000499524 -2.18097e-05)
(0.0035 0.000749286 -3.271455e-05)
(0.0035 0.000999048 -4.36194e-05)
(0.0035 0.00124881 -5.452425e-05)
(0.0035 0.001498572 -6.54291e-05)
(0.0035 0.001748334 -7.633395e-05)
(0.0035 0.001998096 -8.72388e-05)
(0.0035 0.002247858 -9.814365e-05)
(0.0035 0.00249762 -0.0001090485)
(0.0035 0.002747382 -0.00011995335)
(0.0035 0.002997144 -0.0001308582)
(0.0035 0.003246906 -0.00014176305)
(0.0035 0.003496668 -0.0001526679)
(0.0035 0.00374643 -0.00016357275)
(0.0035 0.003996192 -0.0001744776)
(0.0035 0.004245954 -0.00018538245)
(0.0035 0.004495716 -0.0001962873)
(0.0035 0.004745478 -0.00020719215)
(0.0035 0.00499524 -0.000218097)
(0.0035 0.000249762 1.090485e-05)
(0.0035 0.000499524 2.18097e-05)
(0.0035 0.000749286 3.271455e-05)
(0.0035 0.000999048 4.36194e-05)
(0.0035 0.00124881 5.452425e-05)
(0.0035 0.001498572 6.54291e-05)
(0.0035 0.001748334 7.633395e-05)
(0.0035 0.001998096 8.72388e-05)
(0.0035 0.002247858 9.814365e-05)
(0.0035 0.00249762 0.0001090485)
(0.0035 0.002747382 0.00011995335)
(0.0035 0.002997144 0.0001308582)
(0.0035 0.003246906 0.00014176305)
(0.0035 0.003496668 0.0001526679)
(0.0035 0.00374643 0.00016357275)
(0.0035 0.003996192 0.0001744776)
(0.0035 0.004245954 0.00018538245)
(0.0035 0.004495716 0.0001962873)
(0.0035 0.004745478 0.00020719215)
(0.0035 0.00499524 0.000218097)
(0.00375 0 0)
(0.00375 0.000249762 -1.090485e-05)
(0.00375 0.000499524 -2.18097e-05)
(0.00375 0.000749286 -3.271455e-05)
(0.00375 0.000999048 -4.36194e-05)
(0.00375 0.00124881 -5.452425e-05)
(0.00375 0.001498572 -6.54291e-05)
(0.00375 0.001748334 -7.633395e-05)
(0.00375 0.001998096 -8.72388e-05)
(0.00375 0.002247858 -9.814365e-05)
(0.00375 0.00249762 -0.0001090485)
(0.00375 0.002747382 -0.00011995335)
(0.00375 0.002997144 -0.0001308582)
(0.00375 0.003246906 -0.00014176305)
(0.00375 0.003496668 -0.0001526679)
(0.00375 0.00374643 -0.00016357275)
(0.00375 0.003996192 -0.0001744776)
(0.00375 0.004245954 -0.00018538245)
(0.00375 0.004495716 -0.0001962873)
(0.00375 0.004745478 -0.00020719215)
(0.00375 0.00499524 -0.000218097)
(0.00375 0.000249762 1.090485e-05)
(0.00375 0.000499524 2.18097e-05)
(0.00375 0.000749286 3.271455e-05)
(0.00375 0.000999048 4.36194e-05)
(0.00375 0.00124881 5.452425e-05)
(0.00375 0.001498572 6.54291e-05)
(0.00375 0.001748334 7.633395e-05)
(0.00375 0.001998096 8.72388e-05)
(0.00375 0.002247858 9.814365e-05)
(0.00375 0.00249762 0.0001090485)
(0.00375 0.002747382 0.00011995335)
(0.00375 0.002997144 0.0001308582)
(0.00375 0.003246906 0.00014176305)
(0.00375 0.003496668 0.0001526679)
(0.00375 0.00374643 0.00016357275)
(0.00375 0.003996192 0.0001744776)
(0.00375 0.004245954 0.00018538245)
(0.00375 0.004495716 0.0001962873)
(0.00375 0.004745478 0.00020719215)
(0.00375 0.00499524 0.000218097)
(0.004 0 0)
(0.004 0.000249762 -1.090485e-05)
(0.004 0.000499524 -2.18097e-05)
(0.004 0.000749286 -3.271455e-05)
(0.004 0.000999048 -4.36194e-05)
(0.004 0.00124881 -5.452425e-05)
(0.004 0.001498572 -6.54291e-05)
(0.004 0.001748334 -7.633395e-05)
(0.004 0.001998096 -8.72388e-05)
(0.004 0.002247858 -9.814365e-05)
(0.004 0.00249762 -0.0001090485)
(0.004 0.002747382 -0.00011995335)
(0.004 0.002997144 -0.0001308582)
(0.004 0.003246906 -0.00014176305)
(0.004 0.003496668 -0.0001526679)
(0.004 0.00374643 -0.00016357275)
(0.004 0.003996192 -0.0001744776)
(0.004 0.004245954 -0.00018538245)
(0.004 0.004495716 -0.0001962873)
(0.004 0.004745478 -0.00020719215)
(0.004 0.00499524 -0.000218097)
(0.004 0.000249762 1.090485e-05)
(0.004 0.000499524 2.18097e-05)
(0.004 0.000749286 3.271455e-05)
(0.004 0.000999048 4.36194e-05)
(0.004 0.00124881 5.452425e-05)
(0.004 0.001498572 6.54291e-05)
(0.004 0.001748334 7.633395e-05)
(0.004 0.001998096 8.72388e-05)
(0.004 0.002247858 9.814365e-05)
(0.004 0.00249762 0.0001090485)
(0.004 0.002747382 0.00011995335)
(0.004 0.002997144 0.0001308582)
(0.004 0.003246906 0.00014176305)
(0.004 0.003496668 0.0001526679)
(0.004 0.00374643 0.00016357275)
(0.004 0.003996192 0.0001744776)
(0.004 0.004245954 0.00018538245)
(0.004 0.004495716 0.0001962873)
(0.004 0.004745478 0.00020719215)
(0.004 0.00499524 0.000218097)
(0.00425 0 0)
(0.00425 0.000249762 -1.090485e-05)
(0.00425 0.000499524 -2.18097e-05)
(0.00425 0.000749286 -3.271455e-05)
(0.00425 0.000999048 -4.36194e-05)
(0.00425 0.00124881 -5.452425e-05)
(0.00425 0.001498572 -6.54291e-05)
(0.00425 0.001748334 -7.633395e-05)
(0.00425 0.001998096 -8.72388e-05)
(0.00425 0.002247858 -9.814365e-05)
(0.00425 0.00249762 -0.0001090485)
(0.00425 0.002747382 -0.00011995335)
(0.00425 0.002997144 -0.0001308582)
(0.00425 0.003246906 -0.00014176305)
(0.00425 0.003496668 -0.0001526679)
(0.00425 0.00374643 -0.00016357275)
(0.00425 0.003996192 -0.0001744776)
(0.00425 0.004245954 -0.00018538245)
(0.00425 0.004495716 -0.0001962873)
(0.00425 0.004745478 -0.00020719215)
(0.00425 0.00499524 -0.000218097)
(0.00425 0.000249762 1.090485e-05)
(0.00425 0.000499524 2.18097e-05)
(0.00425 0.000749286 3.271455e-05)
(0.00425 0.000999048 4.36194e-05)
(0.00425 0.00124881 5.452425e-05)
(0.00425 0.001498572 6.54291e-05)
(0.00425 0.001748334 7.633395e-05)
(0.00425 0.001998096 8.72388e-05)
(0.00425 0.002247858 9.814365e-05)
(0.00425 0.00249762 0.0001090485)
(0.00425 0.002747382 0.00011995335)
(0.00425 0.002997144 0.0001308582)
(0.00425 0.003246906 0.00014176305)
(0.00425 0.003496668 0.0001526679)
(0.00425 0.00374643 0.00016357275)
(0.00425 0.003996192 0.0001744776)
(0.00425 0.004245954 0.00018538245)
(0.00425 0.004495716 0.0001962873)
(0.00425 0.004745478 0.00020719215)
(0.00425 0.00499524 0.000218097)
(0.0045 0 0)
(0.0045 0.000249762 -1.090485e-05)
(0.0045 0.000499524 -2.18097e-05)
(0.0045 0.000749286 -3.271455e-05)
(0.0045 0.000999048 -4.36194e-05)
(0.0045 0.00124881 -5.452425e-05)
(0.0045 0.001498572 -6.54291e-05)
(0.0045 0.001748334 -7.633395e-05)
(0.0045 0.001998096 -8.72388e-05)
(0.0045 0.002247858 -9.814365e-05)
(0.0045 0.00249762 -0.0001090485)
(0.0045 0.002747382 -0.00011995335)
(0.0045 0.002997144 -0.0001308582)
(0.0045 0.003246906 -0.00014176305)
(0.0045 0.003496668 -0.0001526679)
(0.0045 0.00374643 -0.00016357275)
(0.0045 0.003996192 -0.0001744776)
(0.0045 0.004245954 -0.00018538245)
(0.0045 0.004495716 -0.0001962873)
(0.0045 0.004745478 -0.00020719215)
(0.0045 0.00499524 -0.000218097)
(0.0045 0.000249762 1.090485e-05)
(0.0045 0.000499524 2.18097e-05)
(0.0045 0.000749286 3.271455e-05)
(0.0045 0.000999048 4.36194e-05)
(0.0045 0.00124881 5.452425e-05)
(0.0045 0.001498572 6.54291e-05)
(0.0045 0.001748334 7.633395e-05)
(0.0045 0.001998096 8.72388e-05)
(0.0045 0.002247858 9.814365e-05)
(0.0045 0.00249762 0.0001090485)
(0.0045 0.002747382 0.00011995335)
(0.0045 0.002997144 0.0001308582)
(0.0045 0.003246906 0.00014176305)
(0.0045 0.003496668 0.0001526679)
(0.0045 0.00374643 0.00016357275)
(0.0045 0.003996192 0.0001744776)
(0.0045 0.004245954 0.00018538245)
(0.0045 0.004495716 0.0001962873)
(0.0045 0.004745478 0.00020719215)
(0.0045 0.00499524 0.000218097)
(0.00475 0 0)
(0.00475 0.000249762 -1.090485e-05)
(0.00475 0.000499524 -2.18097e-05)
(0.00475 0.000749286 -3.271455e-05)
(0.00475 0.000999048 -4.36194e-05)
(0.00475 0.00124881 -5.452425e-05)
(0.00475 0.001498572 -6.54291e-05)
(0.00475 0.001748334 -7.633395e-05)
(0.00475 0.001998096 -8.72388e-05)
(0.00475 0.002247858 -9.814365e-05)
(0.00475 0.00249762 -0.0001090485)
(0.00475 0.002747382 -0.00011995335)
(0.00475 0.002997144 -0.0001308582)
(0.00475 0.003246906 -0.00014176305)
(0.00475 0.003496668 -0.0001526679)
(0.00475 0.00374643 -0.00016357275)
(0.00475 0.003996192 -0.0001744776)
(0.00475 0.004245954 -0.00018538245)
(0.00475 0.004495716 -0.0001962873)
(0.00475 0.004745478 -0.00020719215)
(0.00475 0.00499524 -0.000218097)
(0.00475 0.000249762 1.090485e-05)
(0.00475 0.000499524 2.18097e-05)
(0.00475 0.000749286 3.271455e-05)
(0.00475 0.000999048 4.36194e-05)
(0.00475 0.00124881 5.452425e-05)
(0.00475 0.001498572 6.54291e-05)
(0.00475 0.001748334 7.633395e-05)
(0.00475 0.001998096 8.72388e-05)
(0.00475 0.002247858 9.814365e-05)
(0.00475 0.00249762 0.0001090485)
(0.00475 0.002747382 0.00011995335)
(0.00475 0.002997144 0.0001308582)
(0.00475 0.003246906 0.00014176305)
(0.00475 0.003496668 0.0001526679)
(0.00475 0.00374643 0.00016357275)
(0.00475 0.003996192 0.0001744776)
(0.00475 0.004245954 0.00018538245)
(0.00475 0.004495716 0.0001962873)
(0.00475 0.004745478 0.00020719215)
(0.00475 0.00499524 0.000218097)
(0.005 0 0)
(0.005 0.000249762 -1.090485e-05)
(0.005 0.000499524 -2.18097e-05)
(0.005 0.000749286 -3.271455e-05)
(0.005 0.000999048 -4.36194e-05)
(0.005 0.00124881 -5.452425e-05)
(0.005 0.001498572 -6.54291e-05)
(0.005 0.001748334 -7.633395e-05)
(0.005 0.001998096 -8.72388e-05)
(0.005 0.002247858 -9.814365e-05)
(0.005 0.00249762 -0.0001090485)
(0.005 0.002747382 -0.00011995335)
(0.005 0.002997144 -0.0001308582)
(0.005 0.003246906 -0.00014176305)
(0.005 0.003496668 -0.0001526679)
(0.005 0.00374643 -0.00016357275)
(0.005 0.003996192 -0.0001744776)
(0.005 0.004245954 -0.00018538245)
(0.005 0.004495716 -0.0001962873)
(0.005 0.004745478 -0.00020719215)
(0.005 0.00499524 -0.000218097)
(0.005 0.000249762 1.090485e-05)
(0.005 0.000499524 2.18097e-05)
(0.005 0.000749286 3.271455e-05)
(0.005 0.000999048 4.36194e-05)
(0.005 0.00124881 5.452425e-05)
(0.005 0.001498572 6.54291e-05)
(0.005 0.001748334 7.633395e-05)
(0.005 0.001998096 8.72388e-05)
(0.005 0.002247858 9.814365e-05)
(0.005 0.00249762 0.0001090485)
(0.005 0.002747382 0.00011995335)
(0.005 0.002997144 0.0001308582)
(0.005 0.003246906 0.00014176305)
(0.005 0.003496668 0.0001526679)
(0.005 0.00374643 0.00016357275)
(0.005 0.003996192 0.0001744776)
(0.005 0.004245954 0.00018538245)
(0.005 0.004495716 0.0001962873)
(0.005 0.004745478 0.00020719215)
(0.005 0.00499524 0.000218097)
(0.00525 0 0)
(0.00525 0.000249762 -1.090485e-05)
(0.00525 0.000499524 -2.18097e-05)
(0.00525 0.000749286 -3.271455e-05)
(0.00525 0.000999048 -4.36194e-05)
(0.00525 0.00124881 -5.452425e-05)
(0.00525 0.001498572 -6.54291e-05)
(0.00525 0.001748334 -7.633395e-05)
(0.00525 0.001998096 -8.72388e-05)
(0.00525 0.002247858 -9.814365e-05)
(0.00525 0.00249762 -0.0001090485)
(0.00525 0.002747382 -0.00011995335)
(0.00525 0.002997144 -0.0001308582)
(0.00525 0.003246906 -0.00014176305)
(0.00525 0.003496668 -0.0001526679)
(0.00525 0.00374643 -0.00016357275)
(0.00525 0.003996192 -0.0001744776)
(0.00525 0.004245954 -0.00018538245)
(0.00525 0.004495716 -0.0001962873)
(0.00525 0.004745478 -0.00020719215)
(0.00525 0.00499524 -0.000218097)
(0.00525 0.000249762 1.090485e-05)
(0.00525 0.000499524 2.18097e-05)
(0.00525 0.000749286 3.271455e-05)
(0.00525 0.000999048 4.36194e-05)
(0.00525 0.00124881 5.452425e-05)
(0.00525 0.001498572 6.54291e-05)
(0.00525 0.001748334 7.633395e-05)
(0.00525 0.001998096 8.72388e-05)
(0.00525 0.002247858 9.814365e-05)
(0.00525 0.00249762 0.0001090485)
(0.00525 0.002747382 0.00011995335)
(0.00525 0.002997144 0.0001308582)
(0.00525 0.003246906 0.00014176305)
(0.00525 0.003496668 0.0001526679)
(0.00525 0.00374643 0.00016357275)
(0.00525 0.003996192 0.0001744776)
(0.00525 0.004245954 0.00018538245)
(0.00525 0.004495716 0.0001962873)
(0.00525 0.004745478 0.00020719215)
(0.00525 0.00499524 0.000218097)
(0.0055 0 0)
(0.0055 0.000249762 -1.090485e-05)
(0.0055 0.000499524 -2.18097e-05)
(0.0055 0.000749286 -3.271455e-05)
(0.0055 0.000999048 -4.36194e-05)
(0.0055 0.00124881 -5.452425e-05)
(0.0055 0.001498572 -6.54291e-05)
(0.0055 0.001748334 -7.633395e-05)
(0.0055 0.001998096 -8.72388e-05)
(0.0055 0.002247858 -9.814365e-05)
(0.0055 0.00249762 -0.0001090485)
(0.0055 0.002747382 -0.00011995335)
(0.0055 0.002997144 -0.0001308582)
(0.0055 0.003246906 -0.00014176305)
(0.0055 0.003496668 -0.0001526679)
(0.0055 0.00374643 -0.00016357275)
(0.0055 0.003996192 -0.0001744776)
(0.0055 0.004245954 -0.00018538245)
(0.0055 0.004495716 -0.0001962873)
(0.0055 0.004745478 -0.00020719215)
(0.0055 0.00499524 -0.000218097)
(0.0055 0.000249762 1.090485e-05)
(0.0055 0.000499524 2.18097e-05)
(0.0055 0.000749286 3.271455e-05)
(0.0055 0.000999048 4.36194e-05)
(0.0055 0.00124881 5.452425e-05)
(0.0055 0.001498572 6.54291e-05)
(0.0055 0.001748334 7.633395e-05)
(0.0055 0.001998096 8.72388e-05)
(0.0055 0.002247858 9.814365e-05)
(0.0055 0.00249762 0.0001090485)
(0.0055 0.002747382 0.00011995335)
(0.0055 0.002997144 0.0001308582)
(0.0055 0.003246906 0.00014176305)
(0.0055 0.003496668 0.0001526679)
(0.0055 0.00374643 0.00016357275)
(0.0055 0.003996192 0.0001744776)
(0.0055 0.004245954 0.00018538245)
(0.0055 0.004495716 0.0001962873)
(0.0055 0.004745478 0.00020719215)
(0.0055 0.00499524 0.000218097)
(0.00575 0 0)
(0.00575 0.000249762 -1.090485e-05)
(0.00575 0.000499524 -2.18097e-05)
(0.00575 0.000749286 -3.271455e-05)
(0.00575 0.000999048 -4.36194e-05)
(0.00575 0.00124881 -5.452425e-05)
(0.00575 0.001498572 -6.54291e-05)
(0.00575 0.001748334 -7.633395e-05)
(0.00575 0.001998096 -8.72388e-05)
(0.00575 0.002247858 -9.814365e-05)
(0.00575 0.00249762 -0.0001090485)
(0.00575 0.002747382 -0.00011995335)
(0.00575 0.002997144 -0.0001308582)
(0.00575 0.003246906 -0.00014176305)
(0.00575 0.003496668 -0.0001526679)
(0.00575 0.00374643 -0.00016357275)
(0.00575 0.003996192 -0.0001744776)
(0.00575 0.004245954 -0.00018538245)
(0.00575 0.004495716 -0.0001962873)
(0.00575 0.004745478 -0.00020719215)
(0.00575 0.00499524 -0.000218097)
(0.00575 0.000249762 1.090485e-05)
(0.00575 0.000499524 2.18097e-05)
(0.00575 0.000749286 3.271455e-05)
(0.00575 0.000999048 4.36194e-05)
(0.00575 0.00124881 5.452425e-05)
(0.00575 0.001498572 6.54291e-05)
(0.00575 0.001748334 7.633395e-05)
(0.00575 0.001998096 8.72388e-05)
(0.00575 0.002247858 9.814365e-05)
(0.00575 0.00249762 0.0001090485)
(0.00575 0.002747382 0.00011995335)
(0.00575 0.002997144 0.0001308582)
(0.00575 0.003246906 0.00014176305)
(0.00575 0.003496668 0.0001526679)
(0.00575 0.00374643 0.00016357275)
(0.00575 0.003996192 0.0001744776)
(0.00575 0.004245954 0.00018538245)
(0.00575 0.004495716 0.0001962873)
(0.00575 0.004745478 0.00020719215)
(0.00575 0.00499524 0.000218097)
(0.006 0 0)
(0.006 0.000249762 -1.090485e-05)
(0.006 0.000499524 -2.18097e-05)
(0.006 0.000749286 -3.271455e-05)
(0.006 0.000999048 -4.36194e-05)
(0.006 0.00124881 -5.452425e-05)
(0.006 0.001498572 -6.54291e-05)
(0.006 0.001748334 -7.633395e-05)
(0.006 0.001998096 -8.72388e-05)
(0.006 0.002247858 -9.814365e-05)
(0.006 0.00249762 -0.0001090485)
(0.006 0.002747382 -0.00011995335)
(0.006 0.002997144 -0.0001308582)
(0.006 0.003246906 -0.00014176305)
(0.006 0.003496668 -0.0001526679)
(0.006 0.00374643 -0.00016357275)
(0.006 0.003996192 -0.0001744776)
(0.006 0.004245954 -0.00018538245)
(0.006 0.004495716 -0.0001962873)
(0.006 0.004745478 -0.00020719215)
(0.006 0.00499524 -0.000218097)
(0.006 0.000249762 1.090485e-05)
(0.006 0.000499524 2.18097e-05)
(0.006 0.000749286 3.271455e-05)
(0.006 0.000999048 4.36194e-05)
(0.006 0.00124881 5.452425e-05)
(0.006 0.001498572 6.54291e-05)
(0.006 0.001748334 7.633395e-05)
(0.006 0.001998096 8.72388e-05)
(0.006 0.002247858 9.814365e-05)
(0.006 0.00249762 0.0001090485)
(0.006 0.002747382 0.00011995335)
(0.006 0.002997144 0.0001308582)
(0.006 0.003246906 0.00014176305)
(0.006 0.003496668 0.0001526679)
(0.006 0.00374643 0.00016357275)
(0.006 0.003996192 0.0001744776)
(0.006 0.004245954 0.00018538245)
(0.006 0.004495716 0.0001962873)
(0.006 0.004745478 0.00020719215)
(0.006 0.00499524 0.000218097)
(0.00625 0 0)
(0.00625 0.000249762 -1.090485e-05)
(0.00625 0.000499524 -2.18097e-05)
(0.00625 0.000749286 -3.271455e-05)
(0.00625 0.000999048 -4.36194e-05)
(0.00625 0.00124881 -5.452425e-05)
(0.00625 0.001498572 -6.54291e-05)
(0.00625 0.001748334 -7.633395e-05)
(0.00625 0.001998096 -8.72388e-05)
(0.00625 0.002247858 -9.814365e-05)
(0.00625 0.00249762 -0.0001090485)
(0.00625 0.002747382 -0.00011995335)
(0.00625 0.002997144 -0.0001308582)
(0.00625 0.003246906 -0.00014176305)
(0.00625 0.003496668 -0.0001526679)
(0.00625 0.00374643 -0.00016357275)
(0.00625 0.003996192 -0.0001744776)
(0.00625 0.004245954 -0.00018538245)
(0.00625 0.004495716 -0.0001962873)
(0.00625 0.004745478 -0.00020719215)
(0.00625 0.00499524 -0.000218097)
(0.00625 0.000249762 1.090485e-05)
(0.00625 0.000499524 2.18097e-05)
(0.00625 0.000749286 3.271455e-05)
(0.00625 0.000999048 4.36194e-05)
(0.00625 0.00124881 5.452425e-05)
(0.00625 0.001498572 6.54291e-05)
(0.00625 0.001748334 7.633395e-05)
(0.00625 0.001998096 8.72388e-05)
(0.00625 0.002247858 9.814365e-05)
(0.00625 0.00249762 0.0001090485)
(0.00625 0.002747382 0.00011995335)
(0.00625 0.002997144 0.0001308582)
(0.00625 0.003246906 0.00014176305)
(0.00625 0.003496668 0.0001526679)
(0.00625 0.00374643 0.00016357275)
(0.00625 0.003996192 0.0001744776)
(0.00625 0.004245954 0.00018538245)
(0.00625 0.004495716 0.0001962873)
(0.00625 0.004745478 0.00020719215)
(0.00625 0.00499524 0.000218097)
(0.0065 0 0)
(0.0065 0.000249762 -1.090485e-05)
(0.0065 0.000499524 -2.18097e-05)
(0.0065 0.000749286 -3.271455e-05)
(0.0065 0.000999048 -4.36194e-05)
(0.0065 0.00124881 -5.452425e-05)
(0.0065 0.001498572 -6.54291e-05)
(0.0065 0.001748334 -7.633395e-05)
(0.0065 0.001998096 -8.72388e-05)
(0.0065 0.002247858 -9.814365e-05)
(0.0065 0.00249762 -0.0001090485)
(0.0065 0.002747382 -0.00011995335)
(0.0065 0.002997144 -0.0001308582)
(0.0065 0.003246906 -0.00014176305)
(0.0065 0.003496668 -0.0001526679)
(0.0065 0.00374643 -0.00016357275)
(0.0065 0.003996192 -0.0001744776)
(0.0065 0.004245954 -0.00018538245)
(0.0065 0.004495716 -0.0001962873)
(0.0065 0.004745478 -0.00020719215)
(0.0065 0.00499524 -0.000218097)
(0.0065 0.000249762 1.090485e-05)
(0.0065 0.000499524 2.18097e-05)
(0.0065 0.000749286 3.271455e-05)
(0.0065 0.000999048 4.36194e-05)
(0.0065 0.00124881 5.452425e-05)
(0.0065 0.001498572 6.54291e-05)
(0.0065 0.001748334 7.633395e-05)
(0.0065 0.001998096 8.72388e-05)
(0.0065 0.002247858 9.814365e-05)
(0.0065 0.00249762 0.0001090485)
(0.0065 0.002747382 0.00011995335)
(0.0065 0.002997144 0.0001308582)
(0.0065 0.003246906 0.00014176305)
(0.0065 0.003496668 0.0001526679)
(0.0065 0.00374643 0.00016357275)
(0.0065 0.003996192 0.0001744776)
(0.0065 0.004245954 0.00018538245)
(0.0065 0.004495716 0.0001962873)
(0.0065 0.004745478 0.00020719215)
(0.0065 0.00499524 0.000218097)
(0.00675 0 0)
(0.00675 0.000249762 -1.090485e-05)
(0.00675 0.000499524 -2.18097e-05)
(0.00675 0.000749286 -3.271455e-05)
(0.00675 0.000999048 -4.36194e-05)
(0.00675 0.00124881 -5.452425e-05)
(0.00675 0.001498572 -6.54291e-05)
(0.00675 0.001748334 -7.633395e-05)
(0.00675 0.001998096 -8.72388e-05)
(0.00675 0.002247858 -9.814365e-05)
(0.00675 0.00249762 -0.0001090485)
(0.00675 0.002747382 -0.00011995335)
(0.00675 0.002997144 -0.0001308582)
(0.00675 0.003246906 -0.00014176305)
(0.00675 0.003496668 -0.0001526679)
(0.00675 0.00374643 -0.00016357275)
(0.00675 0.003996192 -0.0001744776)
(0.00675 0.004245954 -0.00018538245)
(0.00675 0.004495716 -0.0001962873)
(0.00675 0.004745478 -0.00020719215)
(0.00675 0.00499524 -0.000218097)
(0.00675 0.000249762 1.090485e-05)
(0.00675 0.000499524 2.18097e-05)
(0.00675 0.000749286 3.271455e-05)
(0.00675 0.000999048 4.36194e-05)
(0.00675 0.00124881 5.452425e-05)
(0.00675 0.001498572 6.54291e-05)
(0.00675 0.001748334 7.633395e-05)
(0.00675 0.001998096 8.72388e-05)
(0.00675 0.002247858 9.814365e-05)
(0.00675 0.00249762 0.0001090485)
(0.00675 0.002747382 0.00011995335)
(0.00675 0.002997144 0.0001308582)
(0.00675 0.003246906 0.00014176305)
(0.00675 0.003496668 0.0001526679)
(0.00675 0.00374643 0.00016357275)
(0.00675 0.003996192 0.0001744776)
(0.00675 0.004245954 0.00018538245)
(0.00675 0.004495716 0.0001962873)
(0.00675 0.004745478 0.00020719215)
(0.00675 0.00499524 0.000218097)
(0.007 0 0)
(0.007 0.000249762 -1.090485e-05)
(0.007 0.000499524 -2.18097e-05)
(0.007 0.000749286 -3.271455e-05)
(0.007 0.000999048 -4.36194e-05)
(0.007 0.00124881 -5.452425e-05)
(0.007 0.001498572 -6.54291e-05)
(0.007 0.001748334 -7.633395e-05)
(0.007 0.001998096 -8.72388e-05)
(0.007 0.002247858 -9.814365e-05)
(0.007 0.00249762 -0.0001090485)
(0.007 0.002747382 -0.00011995335)
(0.007 0.002997144 -0.0001308582)
(0.007 0.003246906 -0.00014176305)
(0.007 0.003496668 -0.0001526679)
(0.007 0.00374643 -0.00016357275)
(0.007 0.003996192 -0.0001744776)
(0.007 0.004245954 -0.00018538245)
(0.007 0.004495716 -0.0001962873)
(0.007 0.004745478 -0.00020719215)
(0.007 0.00499524 -0.000218097)
(0.007 0.000249762 1.090485e-05)
(0.007 0.000499524 2.18097e-05)
(0.007 0.000749286 3.271455e-05)
(0.007 0.000999048 4.36194e-05)
(0.007 0.00124881 5.452425e-05)
(0.007 0.001498572 6.54291e-05)
(0.007 0.001748334 7.633395e-05)
(0.007 0.001998096 8.72388e-05)
(0.007 0.002247858 9.814365e-05)
(0.007 0.00249762 0.0001090485)
(0.007 0.002747382 0.00011995335)
(0.007 0.002997144 0.0001308582)
(0.007 0.003246906 0.00014176305)
(0.007 0.003496668 0.0001526679)
(0.007 0.00374643 0.00016357275)
(0.007 0.003996192 0.0001744776)
(0.007 0.004245954 0.00018538245)
(0.007 0.004495716 0.0001962873)
(0.007 0.004745478 0.00020719215)
(0.007 0.00499524 0.000218097)
(0.00725 0 0)
(0.00725 0.000249762 -1.090485e-05)
(0.00725 0.000499524 -2.18097e-05)
(0.00725 0.000749286 -3.271455e-05)
(0.00725 0.000999048 -4.36194e-05)
(0.00725 0.00124881 -5.452425e-05)
(0.00725 0.001498572 -6.54291e-05)
(0.00725 0.001748334 -7.633395e-05)
(0.00725 0.001998096 -8.72388e-05)
(0.00725 0.002247858 -9.814365e-05)
(0.00725 0.00249762 -0.0001090485)
(0.00725 0.002747382 -0.00011995335)
(0.00725 0.002997144 -0.0001308582)
(0.00725 0.003246906 -0.00014176305)
(0.00725 0.003496668 -0.0001526679)
(0.00725 0.00374643 -0.00016357275)
(0.00725 0.003996192 -0.0001744776)
(0.00725 0.004245954 -0.00018538245)
(0.00725 0.004495716 -0.0001962873)
(0.00725 0.004745478 -0.00020719215)
(0.00725 0.00499524 -0.000218097)
(0.00725 0.000249762 1.090485e-05)
(0.00725 0.000499524 2.18097e-05)
(0.00725 0.000749286 3.271455e-05)
(0.00725 0.000999048 4.36194e-05)
(0.00725 0.00124881 5.452425e-05)
(0.00725 0.001498572 6.54291e-05)
(0.00725 0.001748334 7.633395e-05)
(0.00725 0.001998096 8.72388e-05)
(0.00725 0.002247858 9.814365e-05)
(0.00725 0.00249762 0.0001090485)
(0.00725 0.002747382 0.00011995335)
(0.00725 0.002997144 0.0001308582)
(0.00725 0.003246906 0.00014176305)
(0.00725 0.003496668 0.0001526679)
(0.00725 0.00374643 0.00016357275)
(0.00725 0.003996192 0.0001744776)
(0.00725 0.004245954 0.00018538245)
(0.00725 0.004495716 0.0001962873)
(0.00725 0.004745478 0.00020719215)
(0.00725 0.00499524 0.000218097)
(0.0075 0 0)
(0.0075 0.000249762 -1.090485e-05)
(0.0075 0.000499524 -2.18097e-05)
(0.0075 0.000749286 -3.271455e-05)
(0.0075 0.000999048 -4.36194e-05)
(0.0075 0.00124881 -5.452425e-05)
(0.0075 0.001498572 -6.54291e-05)
(0.0075 0.001748334 -7.633395e-05)
(0.0075 0.001998096 -8.72388e-05)
(0.0075 0.002247858 -9.814365e-05)
(0.0075 0.00249762 -0.0001090485)
(0.0075 0.002747382 -0.00011995335)
(0.0075 0.002997144 -0.0001308582)
(0.0075 0.003246906 -0.00014176305)
(0.0075 0.003496668 -0.0001526679)
(0.0075 0.00374643 -0.00016357275)
(0.0075 0.003996192 -0.0001744776)
(0.0075 0.004245954 -0.00018538245)
(0.0075 0.004495716 -0.0001962873)
(0.0075 0.004745478 -0.00020719215)
(0.0075 0.00499524 -0.000218097)
(0.0075 0.000249762 1.090485e-05)
(0.0075 0.000499524 2.18097e-05)
(0.0075 0.000749286 3.271455e-05)
(0.0075 0.000999048 4.36194e-05)
(0.0075 0.00124881 5.452425e-05)
(0.0075 0.001498572 6.54291e-05)
(0.0075 0.001748334 7.633395e-05)
(0.0075 0.001998096 8.72388e-05)
(0.0075 0.002247858 9.814365e-05)
(0.0075 0.00249762 0.0001090485)
(0.0075 0.002747382 0.00011995335)
(0.0075 0.002997144 0.0001308582)
(0.0075 0.003246906 0.00014176305)
(0.0075 0.003496668 0.0001526679)
(0.0075 0.00374643 0.00016357275)
(0.0075 0.003996192 0.0001744776)
(0.0075 0.004245954 0.00018538245)
(0.0075 0.004495716 0.0001962873)
(0.0075 0.004745478 0.00020719215)
(0.0075 0.00499524 0.000218097)
(0.00775 0 0)
(0.00775 0.000249762 -1.090485e-05)
(0.00775 0.000499524 -2.18097e-05)
(0.00775 0.000749286 -3.271455e-05)
(0.00775 0.000999048 -4.36194e-05)
(0.00775 0.00124881 -5.452425e-05)
(0.00775 0.001498572 -6.54291e-05)
(0.00775 0.001748334 -7.633395e-05)
(0.00775 0.001998096 -8.72388e-05)
(0.00775 0.002247858 -9.814365e-05)
(0.00775 0.00249762 -0.0001090485)
(0.00775 0.002747382 -0.00011995335)
(0.00775 0.002997144 -0.0001308582)
(0.00775 0.003246906 -0.00014176305)
(0.00775 0.003496668 -0.0001526679)
(0.00775 0.00374643 -0.00016357275)
(0.00775 0.003996192 -0.0001744776)
(0.00775 0.004245954 -0.00018538245)
(0.00775 0.004495716 -0.0001962873)
(0.00775 0.004745478 -0.00020719215)
(0.00775 0.00499524 -0.000218097)
(0.00775 0.000249762 1.090485e-05)
(0.00775 0.000499524 2.18097e-05)
(0.00775 0.000749286 3.271455e-05)
(0.00775 0.000999048 4.36194e-05)
(0.00775 0.00124881 5.452425e-05)
(0.00775 0.001498572 6.54291e-05)
(0.00775 0.001748334 7.633395e-05)
(0.00775 0.001998096 8.72388e-05)
(0.00775 0.002247858 9.814365e-05)
(0.00775 0.00249762 0.0001090485)
(0.00775 0.002747382 0.00011995335)
(0.00775 0.002997144 0.0001308582)
(0.00775 0.003246906 0.00014176305)
(0.00775 0.003496668 0.0001526679)
(0.00775 0.00374643 0.00016357275)
(0.00775 0.003996192 0.0001744776)
(0.00775 0.004245954 0.00018538245)
(0.00775 0.004495716 0.0001962873)
(0.00775 0.004745478 0.00020719215)
(0.00775 0.00499524 0.000218097)
(0.008 0 0)
(0.008 0.000249762 -1.090485e-05)
(0.008 0.000499524 -2.18097e-05)
(0.008 0.000749286 -3.271455e-05)
(0.008 0.000999048 -4.36194e-05)
(0.008 0.00124881 -5.452425e-05)
(0.008 0.001498572 -6.54291e-05)
(0.008 0.001748334 -7.633395e-05)
(0.008 0.001998096 -8.72388e-05)
(0.008 0.002247858 -9.814365e-05)
(0.008 0.00249762 -0.0001090485)
(0.008 0.002747382 -0.00011995335)
(0.008 0.002997144 -0.0001308582)
(0.008 0.003246906 -0.00014176305)
(0.008 0.003496668 -0.0001526679)
(0.008 0.00374643 -0.00016357275)
(0.008 0.003996192 -0.0001744776)
(0.008 0.004245954 -0.00018538245)
(0.008 0.004495716 -0.0001962873)
(0.008 0.004745478 -0.00020719215)
(0.008 0.00499524 -0.000218097)
(0.008 0.000249762 1.090485e-05)
(0.008 0.000499524 2.18097e-05)
(0.008 0.000749286 3.271455e-05)
(0.008 0.000999048 4.36194e-05)
(0.008 0.00124881 5.452425e-05)
(0.008 0.001498572 6.54291e-05)
(0.008 0.001748334 7.633395e-05)
(0.008 0.001998096 8.72388e-05)
(0.008 0.002247858 9.814365e-05)
(0.008 0.00249762 0.0001090485)
(0.008 0.002747382 0.00011995335)
(0.008 0.002997144 0.0001308582)
(0.008 0.003246906 0.00014176305)
(0.008 0.003496668 0.0001526679)
(0.008 0.00374643 0.00016357275)
(0.008 0.003996192 0.0001744776)
(0.008 0.004245954 0.00018538245)
(0.008 0.004495716 0.0001962873)
(0.008 0.004745478 0.00020719215)
(0.008 0.00499524 0.000218097)
(0.00825 0 0)
(0.00825 0.000249762 -1.090485e-05)
(0.00825 0.000499524 -2.18097e-05)
(0.00825 0.000749286 -3.271455e-05)
(0.00825 0.000999048 -4.36194e-05)
(0.00825 0.00124881 -5.452425e-05)
(0.00825 0.001498572 -6.54291e-05)
(0.00825 0.001748334 -7.633395e-05)
(0.00825 0.001998096 -8.72388e-05)
(0.00825 0.002247858 -9.814365e-05)
(0.00825 0.00249762 -0.0001090485)
(0.00825 0.002747382 -0.00011995335)
(0.00825 0.002997144 -0.0001308582)
(0.00825 0.003246906 -0.00014176305)
(0.00825 0.003496668 -0.0001526679)
(0.00825 0.00374643 -0.00016357275)
(0.00825 0.003996192 -0.0001744776)
(0.00825 0.004245954 -0.00018538245)
(0.00825 0.004495716 -0.0001962873)
(0.00825 0.004745478 -0.00020719215)
(0.00825 0.00499524 -0.000218097)
(0.00825 0.000249762 1.090485e-05)
(0.00825 0.000499524 2.18097e-05)
(0.00825 0.000749286 3.271455e-05)
(0.00825 0.000999048 4.36194e-05)
(0.00825 0.00124881 5.452425e-05)
(0.00825 0.001498572 6.54291e-05)
(0.00825 0.001748334 7.633395e-05)
(0.00825 0.001998096 8.72388e-05)
(0.00825 0.002247858 9.814365e-05)
(0.00825 0.00249762 0.0001090485)
(0.00825 0.002747382 0.00011995335)
(0.00825 0.002997144 0.0001308582)
(0.00825 0.003246906 0.00014176305)
(0.00825 0.003496668 0.0001526679)
(0.00825 0.00374643 0.00016357275)
(0.00825 0.003996192 0.0001744776)
(0.00825 0.004245954 0.00018538245)
(0.00825 0.004495716 0.0001962873)
(0.00825 0.004745478 0.00020719215)
(0.00825 0.00499524 0.000218097)
(0.0085 0 0)
(0.0085 0.000249762 -1.090485e-05)
(0.0085 0.000499524 -2.18097e-05)
(0.0085 0.000749286 -3.271455e-05)
(0.0085 0.000999048 -4.36194e-05)
(0.0085 0.00124881 -5.452425e-05)
(0.0085 0.001498572 -6.54291e-05)
(0.0085 0.001748334 -7.633395e-05)
(0.0085 0.001998096 -8.72388e-05)
(0.0085 0.002247858 -9.814365e-05)
(0.0085 0.00249762 -0.0001090485)
(0.0085 0.002747382 -0.00011995335)
(0.0085 0.002997144 -0.0001308582)
(0.0085 0.003246906 -0.00014176305)
(0.0085 0.003496668 -0.0001526679)
(0.0085 0.00374643 -0.00016357275)
(0.0085 0.003996192 -0.0001744776)
(0.0085 0.004245954 -0.00018538245)
(0.0085 0.004495716 -0.0001962873)
(0.0085 0.004745478 -0.00020719215)
(0.0085 0.00499524 -0.000218097)
(0.0085 0.000249762 1.090485e-05)
(0.0085 0.000499524 2.18097e-05)
(0.0085 0.000749286 3.271455e-05)
(0.0085 0.000999048 4.36194e-05)
(0.0085 0.00124881 5.452425e-05)
(0.0085 0.001498572 6.54291e-05)
(0.0085 0.001748334 7.633395e-05)
(0.0085 0.001998096 8.72388e-05)
(0.0085 0.002247858 9.814365e-05)
(0.0085 0.00249762 0.0001090485)
(0.0085 0.002747382 0.00011995335)
(0.0085 0.002997144 0.0001308582)
(0.0085 0.003246906 0.00014176305)
(0.0085 0.003496668 0.0001526679)
(0.0085 0.00374643 0.00016357275)
(0.0085 0.003996192 0.0001744776)
(0.0085 0.004245954 0.00018538245)
(0.0085 0.004495716 0.0001962873)
(0.0085 0.004745478 0.00020719215)
(0.0085 0.00499524 0.000218097)
(0.00875 0 0)
(0.00875 0.000249762 -1.090485e-05)
(0.00875 0.000499524 -2.18097e-05)
(0.00875 0.000749286 -3.271455e-05)
(0.00875 0.000999048 -4.36194e-05)
(0.00875 0.00124881 -5.452425e-05)
(0.00875 0.001498572 -6.54291e-05)
(0.00875 0.001748334 -7.633395e-05)
(0.00875 0.001998096 -8.72388e-05)
(0.00875 0.002247858 -9.814365e-05)
(0.00875 0.00249762 -0.0001090485)
(0.00875 0.002747382 -0.00011995335)
(0.00875 0.002997144 -0.0001308582)
(0.00875 0.003246906 -0.00014176305)
(0.00875 0.003496668 -0.0001526679)
(0.00875 0.00374643 -0.00016357275)
(0.00875 0.003996192 -0.0001744776)
(0.00875 0.004245954 -0.00018538245)
(0.00875 0.004495716 -0.0001962873)
(0.00875 0.004745478 -0.00020719215)
(0.00875 0.00499524 -0.000218097)
(0.00875 0.000249762 1.090485e-05)
(0.00875 0.000499524 2.18097e-05)
(0.00875 0.000749286 3.271455e-05)
(0.00875 0.000999048 4.36194e-05)
(0.00875 0.00124881 5.452425e-05)
(0.00875 0.001498572 6.54291e-05)
(0.00875 0.001748334 7.633395e-05)
(0.00875 0.001998096 8.72388e-05)
(0.00875 0.002247858 9.814365e-05)
(0.00875 0.00249762 0.0001090485)
(0.00875 0.002747382 0.00011995335)
(0.00875 0.002997144 0.0001308582)
(0.00875 0.003246906 0.00014176305)
(0.00875 0.003496668 0.0001526679)
(0.00875 0.00374643 0.00016357275)
(0.00875 0.003996192 0.0001744776)
(0.00875 0.004245954 0.00018538245)
(0.00875 0.004495716 0.0001962873)
(0.00875 0.004745478 0.00020719215)
(0.00875 0.00499524 0.000218097)
(0.009 0 0)
(0.009 0.000249762 -1.090485e-05)
(0.009 0.000499524 -2.18097e-05)
(0.009 0.000749286 -3.271455e-05)
(0.009 0.000999048 -4.36194e-05)
(0.009 0.00124881 -5.452425e-05)
(0.009 0.001498572 -6.54291e-05)
(0.009 0.001748334 -7.633395e-05)
(0.009 0.001998096 -8.72388e-05)
(0.009 0.002247858 -9.814365e-05)
(0.009 0.00249762 -0.0001090485)
(0.009 0.002747382 -0.00011995335)
(0.009 0.002997144 -0.0001308582)
(0.009 0.003246906 -0.00014176305)
(0.009 0.003496668 -0.0001526679)
(0.009 0.00374643 -0.00016357275)
(0.009 0.003996192 -0.0001744776)
(0.009 0.004245954 -0.00018538245)
(0.009 0.004495716 -0.0001962873)
(0.009 0.004745478 -0.00020719215)
(0.009 0.00499524 -0.000218097)
(0.009 0.000249762 1.090485e-05)
(0.009 0.000499524 2.18097e-05)
(0.009 0.000749286 3.271455e-05)
(0.009 0.000999048 4.36194e-05)
(0.009 0.00124881 5.452425e-05)
(0.009 0.001498572 6.54291e-05)
(0.009 0.001748334 7.633395e-05)
(0.009 0.001998096 8.72388e-05)
(0.009 0.002247858 9.814365e-05)
(0.009 0.00249762 0.0001090485)
(0.009 0.002747382 0.00011995335)
(0.009 0.002997144 0.0001308582)
(0.009 0.003246906 0.00014176305)
(0.009 0.003496668 0.0001526679)
(0.009 0.00374643 0.00016357275)
(0.009 0.003996192 0.0001744776)
(0.009 0.004245954 0.00018538245)
(0.009 0.004495716 0.0001962873)
(0.009 0.004745478 0.00020719215)
(0.009 0.00499524 0.000218097)
(0.00925 0 0)
(0.00925 0.000249762 -1.090485e-05)
(0.00925 0.000499524 -2.18097e-05)
(0.00925 0.000749286 -3.271455e-05)
(0.00925 0.000999048 -4.36194e-05)
(0.00925 0.00124881 -5.452425e-05)
(0.00925 0.001498572 -6.54291e-05)
(0.00925 0.001748334 -7.633395e-05)
(0.00925 0.001998096 -8.72388e-05)
(0.00925 0.002247858 -9.814365e-05)
(0.00925 0.00249762 -0.0001090485)
(0.00925 0.002747382 -0.00011995335)
(0.00925 0.002997144 -0.0001308582)
(0.00925 0.003246906 -0.00014176305)
(0.00925 0.003496668 -0.0001526679)
(0.00925 0.00374643 -0.00016357275)
(0.00925 0.003996192 -0.0001744776)
(0.00925 0.004245954 -0.00018538245)
(0.00925 0.004495716 -0.0001962873)
(0.00925 0.004745478 -0.00020719215)
(0.00925 0.00499524 -0.000218097)
(0.00925 0.000249762 1.090485e-05)
(0.00925 0.000499524 2.18097e-05)
(0.00925 0.000749286 3.271455e-05)
(0.00925 0.000999048 4.36194e-05)
(0.00925 0.00124881 5.452425e-05)
(0.00925 0.001498572 6.54291e-05)
(0.00925 0.001748334 7.633395e-05)
(0.00925 0.001998096 8.72388e-05)
(0.00925 0.002247858 9.814365e-05)
(0.00925 0.00249762 0.0001090485)
(0.00925 0.002747382 0.00011995335)
(0.00925 0.002997144 0.0001308582)
(0.00925 0.003246906 0.00014176305)
(0.00925 0.003496668 0.0001526679)
(0.00925 0.00374643 0.00016357275)
(0.00925 0.003996192 0.0001744776)
(0.00925 0.004245954 0.00018538245)
(0.00925 0.004495716 0.0001962873)
(0.00925 0.004745478 0.00020719215)
(0.00925 0.00499524 0.000218097)
(0.0095 0 0)
(0.0095 0.000249762 -1.090485e-05)
(0.0095 0.000499524 -2.18097e-05)
(0.0095 0.000749286 -3.271455e-05)
(0.0095 0.000999048 -4.36194e-05)
(0.0095 0.00124881 -5.452425e-05)
(0.0095 0.001498572 -6.54291e-05)
(0.0095 0.001748334 -7.633395e-05)
(0.0095 0.001998096 -8.72388e-05)
(0.0095 0.002247858 -9.814365e-05)
(0.0095 0.00249762 -0.0001090485)
(0.0095 0.002747382 -0.00011995335)
(0.0095 0.002997144 -0.0001308582)
(0.0095 0.003246906 -0.00014176305)
(0.0095 0.003496668 -0.0001526679)
(0.0095 0.00374643 -0.00016357275)
(0.0095 0.003996192 -0.0001744776)
(0.0095 0.004245954 -0.00018538245)
(0.0095 0.004495716 -0.0001962873)
(0.0095 0.004745478 -0.00020719215)
(0.0095 0.00499524 -0.000218097)
(0.0095 0.000249762 1.090485e-05)
(0.0095 0.000499524 2.18097e-05)
(0.0095 0.000749286 3.271455e-05)
(0.0095 0.000999048 4.36194e-05)
(0.0095 0.00124881 5.452425e-05)
(0.0095 0.001498572 6.54291e-05)
(0.0095 0.001748334 7.633395e-05)
(0.0095 0.001998096 8.72388e-05)
(0.0095 0.002247858 9.814365e-05)
(0.0095 0.00249762 0.0001090485)
(0.0095 0.002747382 0.00011995335)
(0.0095 0.002997144 0.0001308582)
(0.0095 0.003246906 0.00014176305)
(0.0095 0.003496668 0.0001526679)
(0.0095 0.00374643 0.00016357275)
(0.0095 0.003996192 0.0001744776)
(0.0095 0.004245954 0.00018538245)
(0.0095 0.004495716 0.0001962873)
(0.0095 0.004745478 0.00020719215)
(0.0095 0.00499524 0.000218097)
(0.00975 0 0)
(0.00975 0.000249762 -1.090485e-05)
(0.00975 0.000499524 -2.18097e-05)
(0.00975 0.000749286 -3.271455e-05)
(0.00975 0.000999048 -4.36194e-05)
(0.00975 0.00124881 -5.452425e-05)
(0.00975 0.001498572 -6.54291e-05)
(0.00975 0.001748334 -7.633395e-05)
(0.00975 0.001998096 -8.72388e-05)
(0.00975 0.002247858 -9.814365e-05)
(0.00975 0.00249762 -0.0001090485)
(0.00975 0.002747382 -0.00011995335)
(0.00975 0.002997144 -0.0001308582)
(0.00975 0.003246906 -0.00014176305)
(0.00975 0.003496668 -0.0001526679)
(0.00975 0.00374643 -0.00016357275)
(0.00975 0.003996192 -0.0001744776)
(0.00975 0.004245954 -0.00018538245)
(0.00975 0.004495716 -0.0001962873)
(0.00975 0.004745478 -0.00020719215)
(0.00975 0.00499524 -0.000218097)
(0.00975 0.000249762 1.090485e-05)
(0.00975 0.000499524 2.18097e-05)
(0.00975 0.000749286 3.271455e-05)
(0.00975 0.000999048 4.36194e-05)
(0.00975 0.00124881 5.452425e-05)
(0.00975 0.001498572 6.54291e-05)
(0.00975 0.001748334 7.633395e-05)
(0.00975 0.001998096 8.72388e-05)
(0.00975 0.002247858 9.814365e-05)
(0.00975 0.00249762 0.0001090485)
(0.00975 0.002747382 0.00011995335)
(0.00975 0.002997144 0.0001308582)
(0.00975 0.003246906 0.00014176305)
(0.00975 0.003496668 0.0001526679)
(0.00975 0.00374643 0.00016357275)
(0.00975 0.003996192 0.0001744776)
(0.00975 0.004245954 0.00018538245)
(0.00975 0.004495716 0.0001962873)
(0.00975 0.004745478 0.00020719215)
(0.00975 0.00499524 0.000218097)
(0.01 0 0)
(0.01 0.000249762 -1.090485e-05)
(0.01 0.000499524 -2.18097e-05)
(0.01 0.000749286 -3.271455e-05)
(0.01 0.000999048 -4.36194e-05)
(0.01 0.00124881 -5.452425e-05)
(0.01 0.001498572 -6.54291e-05)
(0.01 0.001748334 -7.633395e-05)
(0.01 0.001998096 -8.72388e-05)
(0.01 0.002247858 -9.814365e-05)
(0.01 0.00249762 -0.0001090485)
(0.01 0.002747382 -0.00011995335)
(0.01 0.002997144 -0.0001308582)
(0.01 0.003246906 -0.00014176305)
(0.01 0.003496668 -0.0001526679)
(0.01 0.00374643 -0.00016357275)
(0.01 0.003996192 -0.0001744776)
(0.01 0.004245954 -0.00018538245)
(0.01 0.004495716 -0.0001962873)
(0.01 0.004745478 -0.00020719215)
(0.01 0.00499524 -0.000218097)
(0.01 0.000249762 1.090485e-05)
(0.01 0.000499524 2.18097e-05)
(0.01 0.000749286 3.271455e-05)
(0.01 0.000999048 4.36194e-05)
(0.01 0.00124881 5.452425e-05)
(0.01 0.001498572 6.54291e-05)
(0.01 0.001748334 7.633395e-05)
(0.01 0.001998096 8.72388e-05)
(0.01 0.002247858 9.814365e-05)
(0.01 0.00249762 0.0001090485)
(0.01 0.002747382 0.00011995335)
(0.01 0.002997144 0.0001308582)
(0.01 0.003246906 0.00014176305)
(0.01 0.003496668 0.0001526679)
(0.01 0.00374643 0.00016357275)
(0.01 0.003996192 0.0001744776)
(0.01 0.004245954 0.00018538245)
(0.01 0.004495716 0.0001962873)
(0.01 0.004745478 0.00020719215)
(0.01 0.00499524 0.000218097)
(0.01025 0 0)
(0.01025 0.000249762 -1.090485e-05)
(0.01025 0.000499524 -2.18097e-05)
(0.01025 0.000749286 -3.271455e-05)
(0.01025 0.000999048 -4.36194e-05)
(0.01025 0.00124881 -5.452425e-05)
(0.01025 0.001498572 -6.54291e-05)
(0.01025 0.001748334 -7.633395e-05)
(0.01025 0.001998096 -8.72388e-05)
(0.01025 0.002247858 -9.814365e-05)
(0.01025 0.00249762 -0.0001090485)
(0.01025 0.002747382 -0.00011995335)
(0.01025 0.002997144 -0.0001308582)
(0.01025 0.003246906 -0.00014176305)
(0.01025 0.003496668 -0.0001526679)
(0.01025 0.00374643 -0.00016357275)
(0.01025 0.003996192 -0.0001744776)
(0.01025 0.004245954 -0.00018538245)
(0.01025 0.004495716 -0.0001962873)
(0.01025 0.004745478 -0.00020719215)
(0.01025 0.00499524 -0.000218097)
(0.01025 0.000249762 1.090485e-05)
(0.01025 0.000499524 2.18097e-05)
(0.01025 0.000749286 3.271455e-05)
(0.01025 0.000999048 4.36194e-05)
(0.01025 0.00124881 5.452425e-05)
(0.01025 0.001498572 6.54291e-05)
(0.01025 0.001748334 7.633395e-05)
(0.01025 0.001998096 8.72388e-05)
(0.01025 0.002247858 9.814365e-05)
(0.01025 0.00249762 0.0001090485)
(0.01025 0.002747382 0.00011995335)
(0.01025 0.002997144 0.0001308582)
(0.01025 0.003246906 0.00014176305)
(0.01025 0.003496668 0.0001526679)
(0.01025 0.00374643 0.00016357275)
(0.01025 0.003996192 0.0001744776)
(0.01025 0.004245954 0.00018538245)
(0.01025 0.004495716 0.0001962873)
(0.01025 0.004745478 0.00020719215)
(0.01025 0.00499524 0.000218097)
(0.0105 0 0)
(0.0105 0.000249762 -1.090485e-05)
(0.0105 0.000499524 -2.18097e-05)
(0.0105 0.000749286 -3.271455e-05)
(0.0105 0.000999048 -4.36194e-05)
(0.0105 0.00124881 -5.452425e-05)
(0.0105 0.001498572 -6.54291e-05)
(0.0105 0.001748334 -7.633395e-05)
(0.0105 0.001998096 -8.72388e-05)
(0.0105 0.002247858 -9.814365e-05)
(0.0105 0.00249762 -0.0001090485)
(0.0105 0.002747382 -0.00011995335)
(0.0105 0.002997144 -0.0001308582)
(0.0105 0.003246906 -0.00014176305)
(0.0105 0.003496668 -0.0001526679)
(0.0105 0.00374643 -0.00016357275)
(0.0105 0.003996192 -0.0001744776)
(0.0105 0.004245954 -0.00018538245)
(0.0105 0.004495716 -0.0001962873)
(0.0105 0.004745478 -0.00020719215)
(0.0105 0.00499524 -0.000218097)
(0.0105 0.000249762 1.090485e-05)
(0.0105 0.000499524 2.18097e-05)
(0.0105 0.000749286 3.271455e-05)
(0.0105 0.000999048 4.36194e-05)
(0.0105 0.00124881 5.452425e-05)
(0.0105 0.001498572 6.54291e-05)
(0.0105 0.001748334 7.633395e-05)
(0.0105 0.001998096 8.72388e-05)
(0.0105 0.002247858 9.814365e-05)
(0.0105 0.00249762 0.0001090485)
(0.0105 0.002747382 0.00011995335)
(0.0105 0.002997144 0.0001308582)
(0.0105 0.003246906 0.00014176305)
(0.0105 0.003496668 0.0001526679)
(0.0105 0.00374643 0.00016357275)
(0.0105 0.003996192 0.0001744776)
(0.0105 0.004245954 0.00018538245)
(0.0105 0.004495716 0.0001962873)
(0.0105 0.004745478 0.00020719215)
(0.0105 0.00499524 0.000218097)
(0.01075 0 0)
(0.01075 0.000249762 -1.090485e-05)
(0.01075 0.000499524 -2.18097e-05)
(0.01075 0.000749286 -3.271455e-05)
(0.01075 0.000999048 -4.36194e-05)
(0.01075 0.00124881 -5.452425e-05)
(0.01075 0.001498572 -6.54291e-05)
(0.01075 0.001748334 -7.633395e-05)
(0.01075 0.001998096 -8.72388e-05)
(0.01075 0.002247858 -9.814365e-05)
(0.01075 0.00249762 -0.0001090485)
(0.01075 0.002747382 -0.00011995335)
(0.01075 0.002997144 -0.0001308582)
(0.01075 0.003246906 -0.00014176305)
(0.01075 0.003496668 -0.0001526679)
(0.01075 0.00374643 -0.00016357275)
(0.01075 0.003996192 -0.0001744776)
(0.01075 0.004245954 -0.00018538245)
(0.01075 0.004495716 -0.0001962873)
(0.01075 0.004745478 -0.00020719215)
(0.01075 0.00499524 -0.000218097)
(0.01075 0.000249762 1.090485e-05)
(0.01075 0.000499524 2.18097e-05)
(0.01075 0.000749286 3.271455e-05)
(0.01075 0.000999048 4.36194e-05)
(0.01075 0.00124881 5.452425e-05)
(0.01075 0.001498572 6.54291e-05)
(0.01075 0.001748334 7.633395e-05)
(0.01075 0.001998096 8.72388e-05)
(0.01075 0.002247858 9.814365e-05)
(0.01075 0.00249762 0.0001090485)
(0.01075 0.002747382 0.00011995335)
(0.01075 0.002997144 0.0001308582)
(0.01075 0.003246906 0.00014176305)
(0.01075 0.003496668 0.0001526679)
(0.01075 0.00374643 0.00016357275)
(0.01075 0.003996192 0.0001744776)
(0.01075 0.004245954 0.00018538245)
(0.01075 0.004495716 0.0001962873)
(0.01075 0.004745478 0.00020719215)
(0.01075 0.00499524 0.000218097)
(0.011 0 0)
(0.011 0.000249762 -1.090485e-05)
(0.011 0.000499524 -2.18097e-05)
(0.011 0.000749286 -3.271455e-05)
(0.011 0.000999048 -4.36194e-05)
(0.011 0.00124881 -5.452425e-05)
(0.011 0.001498572 -6.54291e-05)
(0.011 0.001748334 -7.633395e-05)
(0.011 0.001998096 -8.72388e-05)
(0.011 0.002247858 -9.814365e-05)
(0.011 0.00249762 -0.0001090485)
(0.011 0.002747382 -0.00011995335)
(0.011 0.002997144 -0.0001308582)
(0.011 0.003246906 -0.00014176305)
(0.011 0.003496668 -0.0001526679)
(0.011 0.00374643 -0.00016357275)
(0.011 0.003996192 -0.0001744776)
(0.011 0.004245954 -0.00018538245)
(0.011 0.004495716 -0.0001962873)
(0.011 0.004745478 -0.00020719215)
(0.011 0.00499524 -0.000218097)
(0.011 0.000249762 1.090485e-05)
(0.011 0.000499524 2.18097e-05)
(0.011 0.000749286 3.271455e-05)
(0.011 0.000999048 4.36194e-05)
(0.011 0.00124881 5.452425e-05)
(0.011 0.001498572 6.54291e-05)
(0.011 0.001748334 7.633395e-05)
(0.011 0.001998096 8.72388e-05)
(0.011 0.002247858 9.814365e-05)
(0.011 0.00249762 0.0001090485)
(0.011 0.002747382 0.00011995335)
(0.011 0.002997144 0.0001308582)
(0.011 0.003246906 0.00014176305)
(0.011 0.003496668 0.0001526679)
(0.011 0.00374643 0.00016357275)
(0.011 0.003996192 0.0001744776)
(0.011 0.004245954 0.00018538245)
(0.011 0.004495716 0.0001962873)
(0.011 0.004745478 0.00020719215)
(0.011 0.00499524 0.000218097)
(0.01125 0 0)
(0.01125 0.000249762 -1.090485e-05)
(0.01125 0.000499524 -2.18097e-05)
(0.01125 0.000749286 -3.271455e-05)
(0.01125 0.000999048 -4.36194e-05)
(0.01125 0.00124881 -5.452425e-05)
(0.01125 0.001498572 -6.54291e-05)
(0.01125 0.001748334 -7.633395e-05)
(0.01125 0.001998096 -8.72388e-05)
(0.01125 0.002247858 -9.814365e-05)
(0.01125 0.00249762 -0.0001090485)
(0.01125 0.002747382 -0.00011995335)
(0.01125 0.002997144 -0.0001308582)
(0.01125 0.003246906 -0.00014176305)
(0.01125 0.003496668 -0.0001526679)
(0.01125 0.00374643 -0.00016357275)
(0.01125 0.003996192 -0.0001744776)
(0.01125 0.004245954 -0.00018538245)
(0.01125 0.004495716 -0.0001962873)
(0.01125 0.004745478 -0.00020719215)
(0.01125 0.00499524 -0.000218097)
(0.01125 0.000249762 1.090485e-05)
(0.01125 0.000499524 2.18097e-05)
(0.01125 0.000749286 3.271455e-05)
(0.01125 0.000999048 4.36194e-05)
(0.01125 0.00124881 5.452425e-05)
(0.01125 0.001498572 6.54291e-05)
(0.01125 0.001748334 7.633395e-05)
(0.01125 0.001998096 8.72388e-05)
(0.01125 0.002247858 9.814365e-05)
(0.01125 0.00249762 0.0001090485)
(0.01125 0.002747382 0.00011995335)
(0.01125 0.002997144 0.0001308582)
(0.01125 0.003246906 0.00014176305)
(0.01125 0.003496668 0.0001526679)
(0.01125 0.00374643 0.00016357275)
(0.01125 0.003996192 0.0001744776)
(0.01125 0.004245954 0.00018538245)
(0.01125 0.004495716 0.0001962873)
(0.01125 0.004745478 0.00020719215)
(0.01125 0.00499524 0.000218097)
(0.0115 0 0)
(0.0115 0.000249762 -1.090485e-05)
(0.0115 0.000499524 -2.18097e-05)
(0.0115 0.000749286 -3.271455e-05)
(0.0115 0.000999048 -4.36194e-05)
(0.0115 0.00124881 -5.452425e-05)
(0.0115 0.001498572 -6.54291e-05)
(0.0115 0.001748334 -7.633395e-05)
(0.0115 0.001998096 -8.72388e-05)
(0.0115 0.002247858 -9.814365e-05)
(0.0115 0.00249762 -0.0001090485)
(0.0115 0.002747382 -0.00011995335)
(0.0115 0.002997144 -0.0001308582)
(0.0115 0.003246906 -0.00014176305)
(0.0115 0.003496668 -0.0001526679)
(0.0115 0.00374643 -0.00016357275)
(0.0115 0.003996192 -0.0001744776)
(0.0115 0.004245954 -0.00018538245)
(0.0115 0.004495716 -0.0001962873)
(0.0115 0.004745478 -0.00020719215)
(0.0115 0.00499524 -0.000218097)
(0.0115 0.000249762 1.090485e-05)
(0.0115 0.000499524 2.18097e-05)
(0.0115 0.000749286 3.271455e-05)
(0.0115 0.000999048 4.36194e-05)
(0.0115 0.00124881 5.452425e-05)
(0.0115 0.001498572 6.54291e-05)
(0.0115 0.001748334 7.633395e-05)
(0.0115 0.001998096 8.72388e-05)
(0.0115 0.002247858 9.814365e-05)
(0.0115 0.00249762 0.0001090485)
(0.0115 0.002747382 0.00011995335)
(0.0115 0.002997144 0.0001308582)
(0.0115 0.003246906 0.00014176305)
(0.0115 0.003496668 0.0001526679)
(0.0115 0.00374643 0.00016357275)
(0.0115 0.003996192 0.0001744776)
(0.0115 0.004245954 0.00018538245)
(0.0115 0.004495716 0.0001962873)
(0.0115 0.004745478 0.00020719215)
(0.0115 0.00499524 0.000218097)
(0.01175 0 0)
(0.01175 0.000249762 -1.090485e-05)
(0.01175 0.000499524 -2.18097e-05)
(0.01175 0.000749286 -3.271455e-05)
(0.01175 0.000999048 -4.36194e-05)
(0.01175 0.00124881 -5.452425e-05)
(0.01175 0.001498572 -6.54291e-05)
(0.01175 0.001748334 -7.633395e-05)
(0.01175 0.001998096 -8.72388e-05)
(0.01175 0.002247858 -9.814365e-05)
(0.01175 0.00249762 -0.0001090485)
(0.01175 0.002747382 -0.00011995335)
(0.01175 0.002997144 -0.0001308582)
(0.01175 0.003246906 -0.00014176305)
(0.01175 0.003496668 -0.0001526679)
(0.01175 0.00374643 -0.00016357275)
(0.01175 0.003996192 -0.0001744776)
(0.01175 0.004245954 -0.00018538245)
(0.01175 0.004495716 -0.0001962873)
(0.01175 0.004745478 -0.00020719215)
(0.01175 0.00499524 -0.000218097)
(0.01175 0.000249762 1.090485e-05)
(0.01175 0.000499524 2.18097e-05)
(0.01175 0.000749286 3.271455e-05)
(0.01175 0.000999048 4.36194e-05)
(0.01175 0.00124881 5.452425e-05)
(0.01175 0.001498572 6.54291e-05)
(0.01175 0.001748334 7.633395e-05)
(0.01175 0.001998096 8.72388e-05)
(0.01175 0.002247858 9.814365e-05)
(0.01175 0.00249762 0.0001090485)
(0.01175 0.002747382 0.00011995335)
(0.01175 0.002997144 0.0001308582)
(0.01175 0.003246906 0.00014176305)
(0.01175 0.003496668 0.0001526679)
(0.01175 0.00374643 0.00016357275)
(0.01175 0.003996192 0.0001744776)
(0.01175 0.004245954 0.00018538245)
(0.01175 0.004495716 0.0001962873)
(0.01175 0.004745478 0.00020719215)
(0.01175 0.00499524 0.000218097)
(0.012 0 0)
(0.012 0.000249762 -1.090485e-05)
(0.012 0.000499524 -2.18097e-05)
(0.012 0.000749286 -3.271455e-05)
(0.012 0.000999048 -4.36194e-05)
(0.012 0.00124881 -5.452425e-05)
(0.012 0.001498572 -6.54291e-05)
(0.012 0.001748334 -7.633395e-05)
(0.012 0.001998096 -8.72388e-05)
(0.012 0.002247858 -9.814365e-05)
(0.012 0.00249762 -0.0001090485)
(0.012 0.002747382 -0.00011995335)
(0.012 0.002997144 -0.0001308582)
(0.012 0.003246906 -0.00014176305)
(0.012 0.003496668 -0.0001526679)
(0.012 0.00374643 -0.00016357275)
(0.012 0.003996192 -0.0001744776)
(0.012 0.004245954 -0.00018538245)
(0.012 0.004495716 -0.0001962873)
(0.012 0.004745478 -0.00020719215)
(0.012 0.00499524 -0.000218097)
(0.012 0.000249762 1.090485e-05)
(0.012 0.000499524 2.18097e-05)
(0.012 0.000749286 3.271455e-05)
(0.012 0.000999048 4.36194e-05)
(0.012 0.00124881 5.452425e-05)
(0.012 0.001498572 6.54291e-05)
(0.012 0.001748334 7.633395e-05)
(0.012 0.001998096 8.72388e-05)
(0.012 0.002247858 9.814365e-05)
(0.012 0.00249762 0.0001090485)
(0.012 0.002747382 0.00011995335)
(0.012 0.002997144 0.0001308582)
(0.012 0.003246906 0.00014176305)
(0.012 0.003496668 0.0001526679)
(0.012 0.00374643 0.00016357275)
(0.012 0.003996192 0.0001744776)
(0.012 0.004245954 0.00018538245)
(0.012 0.004495716 0.0001962873)
(0.012 0.004745478 0.00020719215)
(0.012 0.00499524 0.000218097)
(0.01225 0 0)
(0.01225 0.000249762 -1.090485e-05)
(0.01225 0.000499524 -2.18097e-05)
(0.01225 0.000749286 -3.271455e-05)
(0.01225 0.000999048 -4.36194e-05)
(0.01225 0.00124881 -5.452425e-05)
(0.01225 0.001498572 -6.54291e-05)
(0.01225 0.001748334 -7.633395e-05)
(0.01225 0.001998096 -8.72388e-05)
(0.01225 0.002247858 -9.814365e-05)
(0.01225 0.00249762 -0.0001090485)
(0.01225 0.002747382 -0.00011995335)
(0.01225 0.002997144 -0.0001308582)
(0.01225 0.003246906 -0.00014176305)
(0.01225 0.003496668 -0.0001526679)
(0.01225 0.00374643 -0.00016357275)
(0.01225 0.003996192 -0.0001744776)
(0.01225 0.004245954 -0.00018538245)
(0.01225 0.004495716 -0.0001962873)
(0.01225 0.004745478 -0.00020719215)
(0.01225 0.00499524 -0.000218097)
(0.01225 0.000249762 1.090485e-05)
(0.01225 0.000499524 2.18097e-05)
(0.01225 0.000749286 3.271455e-05)
(0.01225 0.000999048 4.36194e-05)
(0.01225 0.00124881 5.452425e-05)
(0.01225 0.001498572 6.54291e-05)
(0.01225 0.001748334 7.633395e-05)
(0.01225 0.001998096 8.72388e-05)
(0.01225 0.002247858 9.814365e-05)
(0.01225 0.00249762 0.0001090485)
(0.01225 0.002747382 0.00011995335)
(0.01225 0.002997144 0.0001308582)
(0.01225 0.003246906 0.00014176305)
(0.01225 0.003496668 0.0001526679)
(0.01225 0.00374643 0.00016357275)
(0.01225 0.003996192 0.0001744776)
(0.01225 0.004245954 0.00018538245)
(0.01225 0.004495716 0.0001962873)
(0.01225 0.004745478 0.00020719215)
(0.01225 0.00499524 0.000218097)
(0.0125 0 0)
(0.0125 0.000249762 -1.090485e-05)
(0.0125 0.000499524 -2.18097e-05)
(0.0125 0.000749286 -3.271455e-05)
(0.0125 0.000999048 -4.36194e-05)
(0.0125 0.00124881 -5.452425e-05)
(0.0125 0.001498572 -6.54291e-05)
(0.0125 0.001748334 -7.633395e-05)
(0.0125 0.001998096 -8.72388e-05)
(0.0125 0.002247858 -9.814365e-05)
(0.0125 0.00249762 -0.0001090485)
(0.0125 0.002747382 -0.00011995335)
(0.0125 0.002997144 -0.0001308582)
(0.0125 0.003246906 -0.00014176305)
(0.0125 0.003496668 -0.0001526679)
(0.0125 0.00374643 -0.00016357275)
(0.0125 0.003996192 -0.0001744776)
(0.0125 0.004245954 -0.00018538245)
(0.0125 0.004495716 -0.0001962873)
(0.0125 0.004745478 -0.00020719215)
(0.0125 0.00499524 -0.000218097)
(0.0125 0.000249762 1.090485e-05)
(0.0125 0.000499524 2.18097e-05)
(0.0125 0.000749286 3.271455e-05)
(0.0125 0.000999048 4.36194e-05)
(0.0125 0.00124881 5.452425e-05)
(0.0125 0.001498572 6.54291e-05)
(0.0125 0.001748334 7.633395e-05)
(0.0125 0.001998096 8.72388e-05)
(0.0125 0.002247858 9.814365e-05)
(0.0125 0.00249762 0.0001090485)
(0.0125 0.002747382 0.00011995335)
(0.0125 0.002997144 0.0001308582)
(0.0125 0.003246906 0.00014176305)
(0.0125 0.003496668 0.0001526679)
(0.0125 0.00374643 0.00016357275)
(0.0125 0.003996192 0.0001744776)
(0.0125 0.004245954 0.00018538245)
(0.0125 0.004495716 0.0001962873)
(0.0125 0.004745478 0.00020719215)
(0.0125 0.00499524 0.000218097)
(0.01275 0 0)
(0.01275 0.000249762 -1.090485e-05)
(0.01275 0.000499524 -2.18097e-05)
(0.01275 0.000749286 -3.271455e-05)
(0.01275 0.000999048 -4.36194e-05)
(0.01275 0.00124881 -5.452425e-05)
(0.01275 0.001498572 -6.54291e-05)
(0.01275 0.001748334 -7.633395e-05)
(0.01275 0.001998096 -8.72388e-05)
(0.01275 0.002247858 -9.814365e-05)
(0.01275 0.00249762 -0.0001090485)
(0.01275 0.002747382 -0.00011995335)
(0.01275 0.002997144 -0.0001308582)
(0.01275 0.003246906 -0.00014176305)
(0.01275 0.003496668 -0.0001526679)
(0.01275 0.00374643 -0.00016357275)
(0.01275 0.003996192 -0.0001744776)
(0.01275 0.004245954 -0.00018538245)
(0.01275 0.004495716 -0.0001962873)
(0.01275 0.004745478 -0.00020719215)
(0.01275 0.00499524 -0.000218097)
(0.01275 0.000249762 1.090485e-05)
(0.01275 0.000499524 2.18097e-05)
(0.01275 0.000749286 3.271455e-05)
(0.01275 0.000999048 4.36194e-05)
(0.01275 0.00124881 5.452425e-05)
(0.01275 0.001498572 6.54291e-05)
(0.01275 0.001748334 7.633395e-05)
(0.01275 0.001998096 8.72388e-05)
(0.01275 0.002247858 9.814365e-05)
(0.01275 0.00249762 0.0001090485)
(0.01275 0.002747382 0.00011995335)
(0.01275 0.002997144 0.0001308582)
(0.01275 0.003246906 0.00014176305)
(0.01275 0.003496668 0.0001526679)
(0.01275 0.00374643 0.00016357275)
(0.01275 0.003996192 0.0001744776)
(0.01275 0.004245954 0.00018538245)
(0.01275 0.004495716 0.0001962873)
(0.01275 0.004745478 0.00020719215)
(0.01275 0.00499524 0.000218097)
(0.013 0 0)
(0.013 0.000249762 -1.090485e-05)
(0.013 0.000499524 -2.18097e-05)
(0.013 0.000749286 -3.271455e-05)
(0.013 0.000999048 -4.36194e-05)
(0.013 0.00124881 -5.452425e-05)
(0.013 0.001498572 -6.54291e-05)
(0.013 0.001748334 -7.633395e-05)
(0.013 0.001998096 -8.72388e-05)
(0.013 0.002247858 -9.814365e-05)
(0.013 0.00249762 -0.0001090485)
(0.013 0.002747382 -0.00011995335)
(0.013 0.002997144 -0.0001308582)
(0.013 0.003246906 -0.00014176305)
(0.013 0.003496668 -0.0001526679)
(0.013 0.00374643 -0.00016357275)
(0.013 0.003996192 -0.0001744776)
(0.013 0.004245954 -0.00018538245)
(0.013 0.004495716 -0.0001962873)
(0.013 0.004745478 -0.00020719215)
(0.013 0.00499524 -0.000218097)
(0.013 0.000249762 1.090485e-05)
(0.013 0.000499524 2.18097e-05)
(0.013 0.000749286 3.271455e-05)
(0.013 0.000999048 4.36194e-05)
(0.013 0.00124881 5.452425e-05)
(0.013 0.001498572 6.54291e-05)
(0.013 0.001748334 7.633395e-05)
(0.013 0.001998096 8.72388e-05)
(0.013 0.002247858 9.814365e-05)
(0.013 0.00249762 0.0001090485)
(0.013 0.002747382 0.00011995335)
(0.013 0.002997144 0.0001308582)
(0.013 0.003246906 0.00014176305)
(0.013 0.003496668 0.0001526679)
(0.013 0.00374643 0.00016357275)
(0.013 0.003996192 0.0001744776)
(0.013 0.004245954 0.00018538245)
(0.013 0.004495716 0.0001962873)
(0.013 0.004745478 0.00020719215)
(0.013 0.00499524 0.000218097)
(0.01325 0 0)
(0.01325 0.000249762 -1.090485e-05)
(0.01325 0.000499524 -2.18097e-05)
(0.01325 0.000749286 -3.271455e-05)
(0.01325 0.000999048 -4.36194e-05)
(0.01325 0.00124881 -5.452425e-05)
(0.01325 0.001498572 -6.54291e-05)
(0.01325 0.001748334 -7.633395e-05)
(0.01325 0.001998096 -8.72388e-05)
(0.01325 0.002247858 -9.814365e-05)
(0.01325 0.00249762 -0.0001090485)
(0.01325 0.002747382 -0.00011995335)
(0.01325 0.002997144 -0.0001308582)
(0.01325 0.003246906 -0.00014176305)
(0.01325 0.003496668 -0.0001526679)
(0.01325 0.00374643 -0.00016357275)
(0.01325 0.003996192 -0.0001744776)
(0.01325 0.004245954 -0.00018538245)
(0.01325 0.004495716 -0.0001962873)
(0.01325 0.004745478 -0.00020719215)
(0.01325 0.00499524 -0.000218097)
(0.01325 0.000249762 1.090485e-05)
(0.01325 0.000499524 2.18097e-05)
(0.01325 0.000749286 3.271455e-05)
(0.01325 0.000999048 4.36194e-05)
(0.01325 0.00124881 5.452425e-05)
(0.01325 0.001498572 6.54291e-05)
(0.01325 0.001748334 7.633395e-05)
(0.01325 0.001998096 8.72388e-05)
(0.01325 0.002247858 9.814365e-05)
(0.01325 0.00249762 0.0001090485)
(0.01325 0.002747382 0.00011995335)
(0.01325 0.002997144 0.0001308582)
(0.01325 0.003246906 0.00014176305)
(0.01325 0.003496668 0.0001526679)
(0.01325 0.00374643 0.00016357275)
(0.01325 0.003996192 0.0001744776)
(0.01325 0.004245954 0.00018538245)
(0.01325 0.004495716 0.0001962873)
(0.01325 0.004745478 0.00020719215)
(0.01325 0.00499524 0.000218097)
(0.0135 0 0)
(0.0135 0.000249762 -1.090485e-05)
(0.0135 0.000499524 -2.18097e-05)
(0.0135 0.000749286 -3.271455e-05)
(0.0135 0.000999048 -4.36194e-05)
(0.0135 0.00124881 -5.452425e-05)
(0.0135 0.001498572 -6.54291e-05)
(0.0135 0.001748334 -7.633395e-05)
(0.0135 0.001998096 -8.72388e-05)
(0.0135 0.002247858 -9.814365e-05)
(0.0135 0.00249762 -0.0001090485)
(0.0135 0.002747382 -0.00011995335)
(0.0135 0.002997144 -0.0001308582)
(0.0135 0.003246906 -0.00014176305)
(0.0135 0.003496668 -0.0001526679)
(0.0135 0.00374643 -0.00016357275)
(0.0135 0.003996192 -0.0001744776)
(0.0135 0.004245954 -0.00018538245)
(0.0135 0.004495716 -0.0001962873)
(0.0135 0.004745478 -0.00020719215)
(0.0135 0.00499524 -0.000218097)
(0.0135 0.000249762 1.090485e-05)
(0.0135 0.000499524 2.18097e-05)
(0.0135 0.000749286 3.271455e-05)
(0.0135 0.000999048 4.36194e-05)
(0.0135 0.00124881 5.452425e-05)
(0.0135 0.001498572 6.54291e-05)
(0.0135 0.001748334 7.633395e-05)
(0.0135 0.001998096 8.72388e-05)
(0.0135 0.002247858 9.814365e-05)
(0.0135 0.00249762 0.0001090485)
(0.0135 0.002747382 0.00011995335)
(0.0135 0.002997144 0.0001308582)
(0.0135 0.003246906 0.00014176305)
(0.0135 0.003496668 0.0001526679)
(0.0135 0.00374643 0.00016357275)
(0.0135 0.003996192 0.0001744776)
(0.0135 0.004245954 0.00018538245)
(0.0135 0.004495716 0.0001962873)
(0.0135 0.004745478 0.00020719215)
(0.0135 0.00499524 0.000218097)
(0.01375 0 0)
(0.01375 0.000249762 -1.090485e-05)
(0.01375 0.000499524 -2.18097e-05)
(0.01375 0.000749286 -3.271455e-05)
(0.01375 0.000999048 -4.36194e-05)
(0.01375 0.00124881 -5.452425e-05)
(0.01375 0.001498572 -6.54291e-05)
(0.01375 0.001748334 -7.633395e-05)
(0.01375 0.001998096 -8.72388e-05)
(0.01375 0.002247858 -9.814365e-05)
(0.01375 0.00249762 -0.0001090485)
(0.01375 0.002747382 -0.00011995335)
(0.01375 0.002997144 -0.0001308582)
(0.01375 0.003246906 -0.00014176305)
(0.01375 0.003496668 -0.0001526679)
(0.01375 0.00374643 -0.00016357275)
(0.01375 0.003996192 -0.0001744776)
(0.01375 0.004245954 -0.00018538245)
(0.01375 0.004495716 -0.0001962873)
(0.01375 0.004745478 -0.00020719215)
(0.01375 0.00499524 -0.000218097)
(0.01375 0.000249762 1.090485e-05)
(0.01375 0.000499524 2.18097e-05)
(0.01375 0.000749286 3.271455e-05)
(0.01375 0.000999048 4.36194e-05)
(0.01375 0.00124881 5.452425e-05)
(0.01375 0.001498572 6.54291e-05)
(0.01375 0.001748334 7.633395e-05)
(0.01375 0.001998096 8.72388e-05)
(0.01375 0.002247858 9.814365e-05)
(0.01375 0.00249762 0.0001090485)
(0.01375 0.002747382 0.00011995335)
(0.01375 0.002997144 0.0001308582)
(0.01375 0.003246906 0.00014176305)
(0.01375 0.003496668 0.0001526679)
(0.01375 0.00374643 0.00016357275)
(0.01375 0.003996192 0.0001744776)
(0.01375 0.004245954 0.00018538245)
(0.01375 0.004495716 0.0001962873)
(0.01375 0.004745478 0.00020719215)
(0.01375 0.00499524 0.000218097)
(0.014 0 0)
(0.014 0.000249762 -1.090485e-05)
(0.014 0.000499524 -2.18097e-05)
(0.014 0.000749286 -3.271455e-05)
(0.014 0.000999048 -4.36194e-05)
(0.014 0.00124881 -5.452425e-05)
(0.014 0.001498572 -6.54291e-05)
(0.014 0.001748334 -7.633395e-05)
(0.014 0.001998096 -8.72388e-05)
(0.014 0.002247858 -9.814365e-05)
(0.014 0.00249762 -0.0001090485)
(0.014 0.002747382 -0.00011995335)
(0.014 0.002997144 -0.0001308582)
(0.014 0.003246906 -0.00014176305)
(0.014 0.003496668 -0.0001526679)
(0.014 0.00374643 -0.00016357275)
(0.014 0.003996192 -0.0001744776)
(0.014 0.004245954 -0.00018538245)
(0.014 0.004495716 -0.0001962873)
(0.014 0.004745478 -0.00020719215)
(0.014 0.00499524 -0.000218097)
(0.014 0.000249762 1.090485e-05)
(0.014 0.000499524 2.18097e-05)
(0.014 0.000749286 3.271455e-05)
(0.014 0.000999048 4.36194e-05)
(0.014 0.00124881 5.452425e-05)
(0.014 0.001498572 6.54291e-05)
(0.014 0.001748334 7.633395e-05)
(0.014 0.001998096 8.72388e-05)
(0.014 0.002247858 9.814365e-05)
(0.014 0.00249762 0.0001090485)
(0.014 0.002747382 0.00011995335)
(0.014 0.002997144 0.0001308582)
(0.014 0.003246906 0.00014176305)
(0.014 0.003496668 0.0001526679)
(0.014 0.00374643 0.00016357275)
(0.014 0.003996192 0.0001744776)
(0.014 0.004245954 0.00018538245)
(0.014 0.004495716 0.0001962873)
(0.014 0.004745478 0.00020719215)
(0.014 0.00499524 0.000218097)
(0.01425 0 0)
(0.01425 0.000249762 -1.090485e-05)
(0.01425 0.000499524 -2.18097e-05)
(0.01425 0.000749286 -3.271455e-05)
(0.01425 0.000999048 -4.36194e-05)
(0.01425 0.00124881 -5.452425e-05)
(0.01425 0.001498572 -6.54291e-05)
(0.01425 0.001748334 -7.633395e-05)
(0.01425 0.001998096 -8.72388e-05)
(0.01425 0.002247858 -9.814365e-05)
(0.01425 0.00249762 -0.0001090485)
(0.01425 0.002747382 -0.00011995335)
(0.01425 0.002997144 -0.0001308582)
(0.01425 0.003246906 -0.00014176305)
(0.01425 0.003496668 -0.0001526679)
(0.01425 0.00374643 -0.00016357275)
(0.01425 0.003996192 -0.0001744776)
(0.01425 0.004245954 -0.00018538245)
(0.01425 0.004495716 -0.0001962873)
(0.01425 0.004745478 -0.00020719215)
(0.01425 0.00499524 -0.000218097)
(0.01425 0.000249762 1.090485e-05)
(0.01425 0.000499524 2.18097e-05)
(0.01425 0.000749286 3.271455e-05)
(0.01425 0.000999048 4.36194e-05)
(0.01425 0.00124881 5.452425e-05)
(0.01425 0.001498572 6.54291e-05)
(0.01425 0.001748334 7.633395e-05)
(0.01425 0.001998096 8.72388e-05)
(0.01425 0.002247858 9.814365e-05)
(0.01425 0.00249762 0.0001090485)
(0.01425 0.002747382 0.00011995335)
(0.01425 0.002997144 0.0001308582)
(0.01425 0.003246906 0.00014176305)
(0.01425 0.003496668 0.0001526679)
(0.01425 0.00374643 0.00016357275)
(0.01425 0.003996192 0.0001744776)
(0.01425 0.004245954 0.00018538245)
(0.01425 0.004495716 0.0001962873)
(0.01425 0.004745478 0.00020719215)
(0.01425 0.00499524 0.000218097)
(0.0145 0 0)
(0.0145 0.000249762 -1.090485e-05)
(0.0145 0.000499524 -2.18097e-05)
(0.0145 0.000749286 -3.271455e-05)
(0.0145 0.000999048 -4.36194e-05)
(0.0145 0.00124881 -5.452425e-05)
(0.0145 0.001498572 -6.54291e-05)
(0.0145 0.001748334 -7.633395e-05)
(0.0145 0.001998096 -8.72388e-05)
(0.0145 0.002247858 -9.814365e-05)
(0.0145 0.00249762 -0.0001090485)
(0.0145 0.002747382 -0.00011995335)
(0.0145 0.002997144 -0.0001308582)
(0.0145 0.003246906 -0.00014176305)
(0.0145 0.003496668 -0.0001526679)
(0.0145 0.00374643 -0.00016357275)
(0.0145 0.003996192 -0.0001744776)
(0.0145 0.004245954 -0.00018538245)
(0.0145 0.004495716 -0.0001962873)
(0.0145 0.004745478 -0.00020719215)
(0.0145 0.00499524 -0.000218097)
(0.0145 0.000249762 1.090485e-05)
(0.0145 0.000499524 2.18097e-05)
(0.0145 0.000749286 3.271455e-05)
(0.0145 0.000999048 4.36194e-05)
(0.0145 0.00124881 5.452425e-05)
(0.0145 0.001498572 6.54291e-05)
(0.0145 0.001748334 7.633395e-05)
(0.0145 0.001998096 8.72388e-05)
(0.0145 0.002247858 9.814365e-05)
(0.0145 0.00249762 0.0001090485)
(0.0145 0.002747382 0.00011995335)
(0.0145 0.002997144 0.0001308582)
(0.0145 0.003246906 0.00014176305)
(0.0145 0.003496668 0.0001526679)
(0.0145 0.00374643 0.00016357275)
(0.0145 0.003996192 0.0001744776)
(0.0145 0.004245954 0.00018538245)
(0.0145 0.004495716 0.0001962873)
(0.0145 0.004745478 0.00020719215)
(0.0145 0.00499524 0.000218097)
(0.01475 0 0)
(0.01475 0.000249762 -1.090485e-05)
(0.01475 0.000499524 -2.18097e-05)
(0.01475 0.000749286 -3.271455e-05)
(0.01475 0.000999048 -4.36194e-05)
(0.01475 0.00124881 -5.452425e-05)
(0.01475 0.001498572 -6.54291e-05)
(0.01475 0.001748334 -7.633395e-05)
(0.01475 0.001998096 -8.72388e-05)
(0.01475 0.002247858 -9.814365e-05)
(0.01475 0.00249762 -0.0001090485)
(0.01475 0.002747382 -0.00011995335)
(0.01475 0.002997144 -0.0001308582)
(0.01475 0.003246906 -0.00014176305)
(0.01475 0.003496668 -0.0001526679)
(0.01475 0.00374643 -0.00016357275)
(0.01475 0.003996192 -0.0001744776)
(0.01475 0.004245954 -0.00018538245)
(0.01475 0.004495716 -0.0001962873)
(0.01475 0.004745478 -0.00020719215)
(0.01475 0.00499524 -0.000218097)
(0.01475 0.000249762 1.090485e-05)
(0.01475 0.000499524 2.18097e-05)
(0.01475 0.000749286 3.271455e-05)
(0.01475 0.000999048 4.36194e-05)
(0.01475 0.00124881 5.452425e-05)
(0.01475 0.001498572 6.54291e-05)
(0.01475 0.001748334 7.633395e-05)
(0.01475 0.001998096 8.72388e-05)
(0.01475 0.002247858 9.814365e-05)
(0.01475 0.00249762 0.0001090485)
(0.01475 0.002747382 0.00011995335)
(0.01475 0.002997144 0.0001308582)
(0.01475 0.003246906 0.00014176305)
(0.01475 0.003496668 0.0001526679)
(0.01475 0.00374643 0.00016357275)
(0.01475 0.003996192 0.0001744776)
(0.01475 0.004245954 0.00018538245)
(0.01475 0.004495716 0.0001962873)
(0.01475 0.004745478 0.00020719215)
(0.01475 0.00499524 0.000218097)
(0.015 0 0)
(0.015 0.000249762 -1.090485e-05)
(0.015 0.000499524 -2.18097e-05)
(0.015 0.000749286 -3.271455e-05)
(0.015 0.000999048 -4.36194e-05)
(0.015 0.00124881 -5.452425e-05)
(0.015 0.001498572 -6.54291e-05)
(0.015 0.001748334 -7.633395e-05)
(0.015 0.001998096 -8.72388e-05)
(0.015 0.002247858 -9.814365e-05)
(0.015 0.00249762 -0.0001090485)
(0.015 0.002747382 -0.00011995335)
(0.015 0.002997144 -0.0001308582)
(0.015 0.003246906 -0.00014176305)
(0.015 0.003496668 -0.0001526679)
(0.015 0.00374643 -0.00016357275)
(0.015 0.003996192 -0.0001744776)
(0.015 0.004245954 -0.00018538245)
(0.015 0.004495716 -0.0001962873)
(0.015 0.004745478 -0.00020719215)
(0.015 0.00499524 -0.000218097)
(0.015 0.000249762 1.090485e-05)
(0.015 0.000499524 2.18097e-05)
(0.015 0.000749286 3.271455e-05)
(0.015 0.000999048 4.36194e-05)
(0.015 0.00124881 5.452425e-05)
(0.015 0.001498572 6.54291e-05)
(0.015 0.001748334 7.633395e-05)
(0.015 0.001998096 8.72388e-05)
(0.015 0.002247858 9.814365e-05)
(0.015 0.00249762 0.0001090485)
(0.015 0.002747382 0.00011995335)
(0.015 0.002997144 0.0001308582)
(0.015 0.003246906 0.00014176305)
(0.015 0.003496668 0.0001526679)
(0.015 0.00374643 0.00016357275)
(0.015 0.003996192 0.0001744776)
(0.015 0.004245954 0.00018538245)
(0.015 0.004495716 0.0001962873)
(0.015 0.004745478 0.00020719215)
(0.015 0.00499524 0.000218097)
(0.01525 0 0)
(0.01525 0.000249762 -1.090485e-05)
(0.01525 0.000499524 -2.18097e-05)
(0.01525 0.000749286 -3.271455e-05)
(0.01525 0.000999048 -4.36194e-05)
(0.01525 0.00124881 -5.452425e-05)
(0.01525 0.001498572 -6.54291e-05)
(0.01525 0.001748334 -7.633395e-05)
(0.01525 0.001998096 -8.72388e-05)
(0.01525 0.002247858 -9.814365e-05)
(0.01525 0.00249762 -0.0001090485)
(0.01525 0.002747382 -0.00011995335)
(0.01525 0.002997144 -0.0001308582)
(0.01525 0.003246906 -0.00014176305)
(0.01525 0.003496668 -0.0001526679)
(0.01525 0.00374643 -0.00016357275)
(0.01525 0.003996192 -0.0001744776)
(0.01525 0.004245954 -0.00018538245)
(0.01525 0.004495716 -0.0001962873)
(0.01525 0.004745478 -0.00020719215)
(0.01525 0.00499524 -0.000218097)
(0.01525 0.000249762 1.090485e-05)
(0.01525 0.000499524 2.18097e-05)
(0.01525 0.000749286 3.271455e-05)
(0.01525 0.000999048 4.36194e-05)
(0.01525 0.00124881 5.452425e-05)
(0.01525 0.001498572 6.54291e-05)
(0.01525 0.001748334 7.633395e-05)
(0.01525 0.001998096 8.72388e-05)
(0.01525 0.002247858 9.814365e-05)
(0.01525 0.00249762 0.0001090485)
(0.01525 0.002747382 0.00011995335)
(0.01525 0.002997144 0.0001308582)
(0.01525 0.003246906 0.00014176305)
(0.01525 0.003496668 0.0001526679)
(0.01525 0.00374643 0.00016357275)
(0.01525 0.003996192 0.0001744776)
(0.01525 0.004245954 0.00018538245)
(0.01525 0.004495716 0.0001962873)
(0.01525 0.004745478 0.00020719215)
(0.01525 0.00499524 0.000218097)
(0.0155 0 0)
(0.0155 0.000249762 -1.090485e-05)
(0.0155 0.000499524 -2.18097e-05)
(0.0155 0.000749286 -3.271455e-05)
(0.0155 0.000999048 -4.36194e-05)
(0.0155 0.00124881 -5.452425e-05)
(0.0155 0.001498572 -6.54291e-05)
(0.0155 0.001748334 -7.633395e-05)
(0.0155 0.001998096 -8.72388e-05)
(0.0155 0.002247858 -9.814365e-05)
(0.0155 0.00249762 -0.0001090485)
(0.0155 0.002747382 -0.00011995335)
(0.0155 0.002997144 -0.0001308582)
(0.0155 0.003246906 -0.00014176305)
(0.0155 0.003496668 -0.0001526679)
(0.0155 0.00374643 -0.00016357275)
(0.0155 0.003996192 -0.0001744776)
(0.0155 0.004245954 -0.00018538245)
(0.0155 0.004495716 -0.0001962873)
(0.0155 0.004745478 -0.00020719215)
(0.0155 0.00499524 -0.000218097)
(0.0155 0.000249762 1.090485e-05)
(0.0155 0.000499524 2.18097e-05)
(0.0155 0.000749286 3.271455e-05)
(0.0155 0.000999048 4.36194e-05)
(0.0155 0.00124881 5.452425e-05)
(0.0155 0.001498572 6.54291e-05)
(0.0155 0.001748334 7.633395e-05)
(0.0155 0.001998096 8.72388e-05)
(0.0155 0.002247858 9.814365e-05)
(0.0155 0.00249762 0.0001090485)
(0.0155 0.002747382 0.00011995335)
(0.0155 0.002997144 0.0001308582)
(0.0155 0.003246906 0.00014176305)
(0.0155 0.003496668 0.0001526679)
(0.0155 0.00374643 0.00016357275)
(0.0155 0.003996192 0.0001744776)
(0.0155 0.004245954 0.00018538245)
(0.0155 0.004495716 0.0001962873)
(0.0155 0.004745478 0.00020719215)
(0.0155 0.00499524 0.000218097)
(0.01575 0 0)
(0.01575 0.000249762 -1.090485e-05)
(0.01575 0.000499524 -2.18097e-05)
(0.01575 0.000749286 -3.271455e-05)
(0.01575 0.000999048 -4.36194e-05)
(0.01575 0.00124881 -5.452425e-05)
(0.01575 0.001498572 -6.54291e-05)
(0.01575 0.001748334 -7.633395e-05)
(0.01575 0.001998096 -8.72388e-05)
(0.01575 0.002247858 -9.814365e-05)
(0.01575 0.00249762 -0.0001090485)
(0.01575 0.002747382 -0.00011995335)
(0.01575 0.002997144 -0.0001308582)
(0.01575 0.003246906 -0.00014176305)
(0.01575 0.003496668 -0.0001526679)
(0.01575 0.00374643 -0.00016357275)
(0.01575 0.003996192 -0.0001744776)
(0.01575 0.004245954 -0.00018538245)
(0.01575 0.004495716 -0.0001962873)
(0.01575 0.004745478 -0.00020719215)
(0.01575 0.00499524 -0.000218097)
(0.01575 0.000249762 1.090485e-05)
(0.01575 0.000499524 2.18097e-05)
(0.01575 0.000749286 3.271455e-05)
(0.01575 0.000999048 4.36194e-05)
(0.01575 0.00124881 5.452425e-05)
(0.01575 0.001498572 6.54291e-05)
(0.01575 0.001748334 7.633395e-05)
(0.01575 0.001998096 8.72388e-05)
(0.01575 0.002247858 9.814365e-05)
(0.01575 0.00249762 0.0001090485)
(0.01575 0.002747382 0.00011995335)
(0.01575 0.002997144 0.0001308582)
(0.01575 0.003246906 0.00014176305)
(0.01575 0.003496668 0.0001526679)
(0.01575 0.00374643 0.00016357275)
(0.01575 0.003996192 0.0001744776)
(0.01575 0.004245954 0.00018538245)
(0.01575 0.004495716 0.0001962873)
(0.01575 0.004745478 0.00020719215)
(0.01575 0.00499524 0.000218097)
(0.016 0 0)
(0.016 0.000249762 -1.090485e-05)
(0.016 0.000499524 -2.18097e-05)
(0.016 0.000749286 -3.271455e-05)
(0.016 0.000999048 -4.36194e-05)
(0.016 0.00124881 -5.452425e-05)
(0.016 0.001498572 -6.54291e-05)
(0.016 0.001748334 -7.633395e-05)
(0.016 0.001998096 -8.72388e-05)
(0.016 0.002247858 -9.814365e-05)
(0.016 0.00249762 -0.0001090485)
(0.016 0.002747382 -0.00011995335)
(0.016 0.002997144 -0.0001308582)
(0.016 0.003246906 -0.00014176305)
(0.016 0.003496668 -0.0001526679)
(0.016 0.00374643 -0.00016357275)
(0.016 0.003996192 -0.0001744776)
(0.016 0.004245954 -0.00018538245)
(0.016 0.004495716 -0.0001962873)
(0.016 0.004745478 -0.00020719215)
(0.016 0.00499524 -0.000218097)
(0.016 0.000249762 1.090485e-05)
(0.016 0.000499524 2.18097e-05)
(0.016 0.000749286 3.271455e-05)
(0.016 0.000999048 4.36194e-05)
(0.016 0.00124881 5.452425e-05)
(0.016 0.001498572 6.54291e-05)
(0.016 0.001748334 7.633395e-05)
(0.016 0.001998096 8.72388e-05)
(0.016 0.002247858 9.814365e-05)
(0.016 0.00249762 0.0001090485)
(0.016 0.002747382 0.00011995335)
(0.016 0.002997144 0.0001308582)
(0.016 0.003246906 0.00014176305)
(0.016 0.003496668 0.0001526679)
(0.016 0.00374643 0.00016357275)
(0.016 0.003996192 0.0001744776)
(0.016 0.004245954 0.00018538245)
(0.016 0.004495716 0.0001962873)
(0.016 0.004745478 0.00020719215)
(0.016 0.00499524 0.000218097)
(0.01625 0 0)
(0.01625 0.000249762 -1.090485e-05)
(0.01625 0.000499524 -2.18097e-05)
(0.01625 0.000749286 -3.271455e-05)
(0.01625 0.000999048 -4.36194e-05)
(0.01625 0.00124881 -5.452425e-05)
(0.01625 0.001498572 -6.54291e-05)
(0.01625 0.001748334 -7.633395e-05)
(0.01625 0.001998096 -8.72388e-05)
(0.01625 0.002247858 -9.814365e-05)
(0.01625 0.00249762 -0.0001090485)
(0.01625 0.002747382 -0.00011995335)
(0.01625 0.002997144 -0.0001308582)
(0.01625 0.003246906 -0.00014176305)
(0.01625 0.003496668 -0.0001526679)
(0.01625 0.00374643 -0.00016357275)
(0.01625 0.003996192 -0.0001744776)
(0.01625 0.004245954 -0.00018538245)
(0.01625 0.004495716 -0.0001962873)
(0.01625 0.004745478 -0.00020719215)
(0.01625 0.00499524 -0.000218097)
(0.01625 0.000249762 1.090485e-05)
(0.01625 0.000499524 2.18097e-05)
(0.01625 0.000749286 3.271455e-05)
(0.01625 0.000999048 4.36194e-05)
(0.01625 0.00124881 5.452425e-05)
(0.01625 0.001498572 6.54291e-05)
(0.01625 0.001748334 7.633395e-05)
(0.01625 0.001998096 8.72388e-05)
(0.01625 0.002247858 9.814365e-05)
(0.01625 0.00249762 0.0001090485)
(0.01625 0.002747382 0.00011995335)
(0.01625 0.002997144 0.0001308582)
(0.01625 0.003246906 0.00014176305)
(0.01625 0.003496668 0.0001526679)
(0.01625 0.00374643 0.00016357275)
(0.01625 0.003996192 0.0001744776)
(0.01625 0.004245954 0.00018538245)
(0.01625 0.004495716 0.0001962873)
(0.01625 0.004745478 0.00020719215)
(0.01625 0.00499524 0.000218097)
(0.0165 0 0)
(0.0165 0.000249762 -1.090485e-05)
(0.0165 0.000499524 -2.18097e-05)
(0.0165 0.000749286 -3.271455e-05)
(0.0165 0.000999048 -4.36194e-05)
(0.0165 0.00124881 -5.452425e-05)
(0.0165 0.001498572 -6.54291e-05)
(0.0165 0.001748334 -7.633395e-05)
(0.0165 0.001998096 -8.72388e-05)
(0.0165 0.002247858 -9.814365e-05)
(0.0165 0.00249762 -0.0001090485)
(0.0165 0.002747382 -0.00011995335)
(0.0165 0.002997144 -0.0001308582)
(0.0165 0.003246906 -0.00014176305)
(0.0165 0.003496668 -0.0001526679)
(0.0165 0.00374643 -0.00016357275)
(0.0165 0.003996192 -0.0001744776)
(0.0165 0.004245954 -0.00018538245)
(0.0165 0.004495716 -0.0001962873)
(0.0165 0.004745478 -0.00020719215)
(0.0165 0.00499524 -0.000218097)
(0.0165 0.000249762 1.090485e-05)
(0.0165 0.000499524 2.18097e-05)
(0.0165 0.000749286 3.271455e-05)
(0.0165 0.000999048 4.36194e-05)
(0.0165 0.00124881 5.452425e-05)
(0.0165 0.001498572 6.54291e-05)
(0.0165 0.001748334 7.633395e-05)
(0.0165 0.001998096 8.72388e-05)
(0.0165 0.002247858 9.814365e-05)
(0.0165 0.00249762 0.0001090485)
(0.0165 0.002747382 0.00011995335)
(0.0165 0.002997144 0.0001308582)
(0.0165 0.003246906 0.00014176305)
(0.0165 0.003496668 0.0001526679)
(0.0165 0.00374643 0.00016357275)
(0.0165 0.003996192 0.0001744776)
(0.0165 0.004245954 0.00018538245)
(0.0165 0.004495716 0.0001962873)
(0.0165 0.004745478 0.00020719215)
(0.0165 0.00499524 0.000218097)
(0.01675 0 0)
(0.01675 0.000249762 -1.090485e-05)
(0.01675 0.000499524 -2.18097e-05)
(0.01675 0.000749286 -3.271455e-05)
(0.01675 0.000999048 -4.36194e-05)
(0.01675 0.00124881 -5.452425e-05)
(0.01675 0.001498572 -6.54291e-05)
(0.01675 0.001748334 -7.633395e-05)
(0.01675 0.001998096 -8.72388e-05)
(0.01675 0.002247858 -9.814365e-05)
(0.01675 0.00249762 -0.0001090485)
(0.01675 0.002747382 -0.00011995335)
(0.01675 0.002997144 -0.0001308582)
(0.01675 0.003246906 -0.00014176305)
(0.01675 0.003496668 -0.0001526679)
(0.01675 0.00374643 -0.00016357275)
(0.01675 0.003996192 -0.0001744776)
(0.01675 0.004245954 -0.00018538245)
(0.01675 0.004495716 -0.0001962873)
(0.01675 0.004745478 -0.00020719215)
(0.01675 0.00499524 -0.000218097)
(0.01675 0.000249762 1.090485e-05)
(0.01675 0.000499524 2.18097e-05)
(0.01675 0.000749286 3.271455e-05)
(0.01675 0.000999048 4.36194e-05)
(0.01675 0.00124881 5.452425e-05)
(0.01675 0.001498572 6.54291e-05)
(0.01675 0.001748334 7.633395e-05)
(0.01675 0.001998096 8.72388e-05)
(0.01675 0.002247858 9.814365e-05)
(0.01675 0.00249762 0.0001090485)
(0.01675 0.002747382 0.00011995335)
(0.01675 0.002997144 0.0001308582)
(0.01675 0.003246906 0.00014176305)
(0.01675 0.003496668 0.0001526679)
(0.01675 0.00374643 0.00016357275)
(0.01675 0.003996192 0.0001744776)
(0.01675 0.004245954 0.00018538245)
(0.01675 0.004495716 0.0001962873)
(0.01675 0.004745478 0.00020719215)
(0.01675 0.00499524 0.000218097)
(0.017 0 0)
(0.017 0.000249762 -1.090485e-05)
(0.017 0.000499524 -2.18097e-05)
(0.017 0.000749286 -3.271455e-05)
(0.017 0.000999048 -4.36194e-05)
(0.017 0.00124881 -5.452425e-05)
(0.017 0.001498572 -6.54291e-05)
(0.017 0.001748334 -7.633395e-05)
(0.017 0.001998096 -8.72388e-05)
(0.017 0.002247858 -9.814365e-05)
(0.017 0.00249762 -0.0001090485)
(0.017 0.002747382 -0.00011995335)
(0.017 0.002997144 -0.0001308582)
(0.017 0.003246906 -0.00014176305)
(0.017 0.003496668 -0.0001526679)
(0.017 0.00374643 -0.00016357275)
(0.017 0.003996192 -0.0001744776)
(0.017 0.004245954 -0.00018538245)
(0.017 0.004495716 -0.0001962873)
(0.017 0.004745478 -0.00020719215)
(0.017 0.00499524 -0.000218097)
(0.017 0.000249762 1.090485e-05)
(0.017 0.000499524 2.18097e-05)
(0.017 0.000749286 3.271455e-05)
(0.017 0.000999048 4.36194e-05)
(0.017 0.00124881 5.452425e-05)
(0.017 0.001498572 6.54291e-05)
(0.017 0.001748334 7.633395e-05)
(0.017 0.001998096 8.72388e-05)
(0.017 0.002247858 9.814365e-05)
(0.017 0.00249762 0.0001090485)
(0.017 0.002747382 0.00011995335)
(0.017 0.002997144 0.0001308582)
(0.017 0.003246906 0.00014176305)
(0.017 0.003496668 0.0001526679)
(0.017 0.00374643 0.00016357275)
(0.017 0.003996192 0.0001744776)
(0.017 0.004245954 0.00018538245)
(0.017 0.004495716 0.0001962873)
(0.017 0.004745478 0.00020719215)
(0.017 0.00499524 0.000218097)
(0.01725 0 0)
(0.01725 0.000249762 -1.090485e-05)
(0.01725 0.000499524 -2.18097e-05)
(0.01725 0.000749286 -3.271455e-05)
(0.01725 0.000999048 -4.36194e-05)
(0.01725 0.00124881 -5.452425e-05)
(0.01725 0.001498572 -6.54291e-05)
(0.01725 0.001748334 -7.633395e-05)
(0.01725 0.001998096 -8.72388e-05)
(0.01725 0.002247858 -9.814365e-05)
(0.01725 0.00249762 -0.0001090485)
(0.01725 0.002747382 -0.00011995335)
(0.01725 0.002997144 -0.0001308582)
(0.01725 0.003246906 -0.00014176305)
(0.01725 0.003496668 -0.0001526679)
(0.01725 0.00374643 -0.00016357275)
(0.01725 0.003996192 -0.0001744776)
(0.01725 0.004245954 -0.00018538245)
(0.01725 0.004495716 -0.0001962873)
(0.01725 0.004745478 -0.00020719215)
(0.01725 0.00499524 -0.000218097)
(0.01725 0.000249762 1.090485e-05)
(0.01725 0.000499524 2.18097e-05)
(0.01725 0.000749286 3.271455e-05)
(0.01725 0.000999048 4.36194e-05)
(0.01725 0.00124881 5.452425e-05)
(0.01725 0.001498572 6.54291e-05)
(0.01725 0.001748334 7.633395e-05)
(0.01725 0.001998096 8.72388e-05)
(0.01725 0.002247858 9.814365e-05)
(0.01725 0.00249762 0.0001090485)
(0.01725 0.002747382 0.00011995335)
(0.01725 0.002997144 0.0001308582)
(0.01725 0.003246906 0.00014176305)
(0.01725 0.003496668 0.0001526679)
(0.01725 0.00374643 0.00016357275)
(0.01725 0.003996192 0.0001744776)
(0.01725 0.004245954 0.00018538245)
(0.01725 0.004495716 0.0001962873)
(0.01725 0.004745478 0.00020719215)
(0.01725 0.00499524 0.000218097)
(0.0175 0 0)
(0.0175 0.000249762 -1.090485e-05)
(0.0175 0.000499524 -2.18097e-05)
(0.0175 0.000749286 -3.271455e-05)
(0.0175 0.000999048 -4.36194e-05)
(0.0175 0.00124881 -5.452425e-05)
(0.0175 0.001498572 -6.54291e-05)
(0.0175 0.001748334 -7.633395e-05)
(0.0175 0.001998096 -8.72388e-05)
(0.0175 0.002247858 -9.814365e-05)
(0.0175 0.00249762 -0.0001090485)
(0.0175 0.002747382 -0.00011995335)
(0.0175 0.002997144 -0.0001308582)
(0.0175 0.003246906 -0.00014176305)
(0.0175 0.003496668 -0.0001526679)
(0.0175 0.00374643 -0.00016357275)
(0.0175 0.003996192 -0.0001744776)
(0.0175 0.004245954 -0.00018538245)
(0.0175 0.004495716 -0.0001962873)
(0.0175 0.004745478 -0.00020719215)
(0.0175 0.00499524 -0.000218097)
(0.0175 0.000249762 1.090485e-05)
(0.0175 0.000499524 2.18097e-05)
(0.0175 0.000749286 3.271455e-05)
(0.0175 0.000999048 4.36194e-05)
(0.0175 0.00124881 5.452425e-05)
(0.0175 0.001498572 6.54291e-05)
(0.0175 0.001748334 7.633395e-05)
(0.0175 0.001998096 8.72388e-05)
(0.0175 0.002247858 9.814365e-05)
(0.0175 0.00249762 0.0001090485)
(0.0175 0.002747382 0.00011995335)
(0.0175 0.002997144 0.0001308582)
(0.0175 0.003246906 0.00014176305)
(0.0175 0.003496668 0.0001526679)
(0.0175 0.00374643 0.00016357275)
(0.0175 0.003996192 0.0001744776)
(0.0175 0.004245954 0.00018538245)
(0.0175 0.004495716 0.0001962873)
(0.0175 0.004745478 0.00020719215)
(0.0175 0.00499524 0.000218097)
(0.01775 0 0)
(0.01775 0.000249762 -1.090485e-05)
(0.01775 0.000499524 -2.18097e-05)
(0.01775 0.000749286 -3.271455e-05)
(0.01775 0.000999048 -4.36194e-05)
(0.01775 0.00124881 -5.452425e-05)
(0.01775 0.001498572 -6.54291e-05)
(0.01775 0.001748334 -7.633395e-05)
(0.01775 0.001998096 -8.72388e-05)
(0.01775 0.002247858 -9.814365e-05)
(0.01775 0.00249762 -0.0001090485)
(0.01775 0.002747382 -0.00011995335)
(0.01775 0.002997144 -0.0001308582)
(0.01775 0.003246906 -0.00014176305)
(0.01775 0.003496668 -0.0001526679)
(0.01775 0.00374643 -0.00016357275)
(0.01775 0.003996192 -0.0001744776)
(0.01775 0.004245954 -0.00018538245)
(0.01775 0.004495716 -0.0001962873)
(0.01775 0.004745478 -0.00020719215)
(0.01775 0.00499524 -0.000218097)
(0.01775 0.000249762 1.090485e-05)
(0.01775 0.000499524 2.18097e-05)
(0.01775 0.000749286 3.271455e-05)
(0.01775 0.000999048 4.36194e-05)
(0.01775 0.00124881 5.452425e-05)
(0.01775 0.001498572 6.54291e-05)
(0.01775 0.001748334 7.633395e-05)
(0.01775 0.001998096 8.72388e-05)
(0.01775 0.002247858 9.814365e-05)
(0.01775 0.00249762 0.0001090485)
(0.01775 0.002747382 0.00011995335)
(0.01775 0.002997144 0.0001308582)
(0.01775 0.003246906 0.00014176305)
(0.01775 0.003496668 0.0001526679)
(0.01775 0.00374643 0.00016357275)
(0.01775 0.003996192 0.0001744776)
(0.01775 0.004245954 0.00018538245)
(0.01775 0.004495716 0.0001962873)
(0.01775 0.004745478 0.00020719215)
(0.01775 0.00499524 0.000218097)
(0.018 0 0)
(0.018 0.000249762 -1.090485e-05)
(0.018 0.000499524 -2.18097e-05)
(0.018 0.000749286 -3.271455e-05)
(0.018 0.000999048 -4.36194e-05)
(0.018 0.00124881 -5.452425e-05)
(0.018 0.001498572 -6.54291e-05)
(0.018 0.001748334 -7.633395e-05)
(0.018 0.001998096 -8.72388e-05)
(0.018 0.002247858 -9.814365e-05)
(0.018 0.00249762 -0.0001090485)
(0.018 0.002747382 -0.00011995335)
(0.018 0.002997144 -0.0001308582)
(0.018 0.003246906 -0.00014176305)
(0.018 0.003496668 -0.0001526679)
(0.018 0.00374643 -0.00016357275)
(0.018 0.003996192 -0.0001744776)
(0.018 0.004245954 -0.00018538245)
(0.018 0.004495716 -0.0001962873)
(0.018 0.004745478 -0.00020719215)
(0.018 0.00499524 -0.000218097)
(0.018 0.000249762 1.090485e-05)
(0.018 0.000499524 2.18097e-05)
(0.018 0.000749286 3.271455e-05)
(0.018 0.000999048 4.36194e-05)
(0.018 0.00124881 5.452425e-05)
(0.018 0.001498572 6.54291e-05)
(0.018 0.001748334 7.633395e-05)
(0.018 0.001998096 8.72388e-05)
(0.018 0.002247858 9.814365e-05)
(0.018 0.00249762 0.0001090485)
(0.018 0.002747382 0.00011995335)
(0.018 0.002997144 0.0001308582)
(0.018 0.003246906 0.00014176305)
(0.018 0.003496668 0.0001526679)
(0.018 0.00374643 0.00016357275)
(0.018 0.003996192 0.0001744776)
(0.018 0.004245954 0.00018538245)
(0.018 0.004495716 0.0001962873)
(0.018 0.004745478 0.00020719215)
(0.018 0.00499524 0.000218097)
(0.01825 0 0)
(0.01825 0.000249762 -1.090485e-05)
(0.01825 0.000499524 -2.18097e-05)
(0.01825 0.000749286 -3.271455e-05)
(0.01825 0.000999048 -4.36194e-05)
(0.01825 0.00124881 -5.452425e-05)
(0.01825 0.001498572 -6.54291e-05)
(0.01825 0.001748334 -7.633395e-05)
(0.01825 0.001998096 -8.72388e-05)
(0.01825 0.002247858 -9.814365e-05)
(0.01825 0.00249762 -0.0001090485)
(0.01825 0.002747382 -0.00011995335)
(0.01825 0.002997144 -0.0001308582)
(0.01825 0.003246906 -0.00014176305)
(0.01825 0.003496668 -0.0001526679)
(0.01825 0.00374643 -0.00016357275)
(0.01825 0.003996192 -0.0001744776)
(0.01825 0.004245954 -0.00018538245)
(0.01825 0.004495716 -0.0001962873)
(0.01825 0.004745478 -0.00020719215)
(0.01825 0.00499524 -0.000218097)
(0.01825 0.000249762 1.090485e-05)
(0.01825 0.000499524 2.18097e-05)
(0.01825 0.000749286 3.271455e-05)
(0.01825 0.000999048 4.36194e-05)
(0.01825 0.00124881 5.452425e-05)
(0.01825 0.001498572 6.54291e-05)
(0.01825 0.001748334 7.633395e-05)
(0.01825 0.001998096 8.72388e-05)
(0.01825 0.002247858 9.814365e-05)
(0.01825 0.00249762 0.0001090485)
(0.01825 0.002747382 0.00011995335)
(0.01825 0.002997144 0.0001308582)
(0.01825 0.003246906 0.00014176305)
(0.01825 0.003496668 0.0001526679)
(0.01825 0.00374643 0.00016357275)
(0.01825 0.003996192 0.0001744776)
(0.01825 0.004245954 0.00018538245)
(0.01825 0.004495716 0.0001962873)
(0.01825 0.004745478 0.00020719215)
(0.01825 0.00499524 0.000218097)
(0.0185 0 0)
(0.0185 0.000249762 -1.090485e-05)
(0.0185 0.000499524 -2.18097e-05)
(0.0185 0.000749286 -3.271455e-05)
(0.0185 0.000999048 -4.36194e-05)
(0.0185 0.00124881 -5.452425e-05)
(0.0185 0.001498572 -6.54291e-05)
(0.0185 0.001748334 -7.633395e-05)
(0.0185 0.001998096 -8.72388e-05)
(0.0185 0.002247858 -9.814365e-05)
(0.0185 0.00249762 -0.0001090485)
(0.0185 0.002747382 -0.00011995335)
(0.0185 0.002997144 -0.0001308582)
(0.0185 0.003246906 -0.00014176305)
(0.0185 0.003496668 -0.0001526679)
(0.0185 0.00374643 -0.00016357275)
(0.0185 0.003996192 -0.0001744776)
(0.0185 0.004245954 -0.00018538245)
(0.0185 0.004495716 -0.0001962873)
(0.0185 0.004745478 -0.00020719215)
(0.0185 0.00499524 -0.000218097)
(0.0185 0.000249762 1.090485e-05)
(0.0185 0.000499524 2.18097e-05)
(0.0185 0.000749286 3.271455e-05)
(0.0185 0.000999048 4.36194e-05)
(0.0185 0.00124881 5.452425e-05)
(0.0185 0.001498572 6.54291e-05)
(0.0185 0.001748334 7.633395e-05)
(0.0185 0.001998096 8.72388e-05)
(0.0185 0.002247858 9.814365e-05)
(0.0185 0.00249762 0.0001090485)
(0.0185 0.002747382 0.00011995335)
(0.0185 0.002997144 0.0001308582)
(0.0185 0.003246906 0.00014176305)
(0.0185 0.003496668 0.0001526679)
(0.0185 0.00374643 0.00016357275)
(0.0185 0.003996192 0.0001744776)
(0.0185 0.004245954 0.00018538245)
(0.0185 0.004495716 0.0001962873)
(0.0185 0.004745478 0.00020719215)
(0.0185 0.00499524 0.000218097)
(0.01875 0 0)
(0.01875 0.000249762 -1.090485e-05)
(0.01875 0.000499524 -2.18097e-05)
(0.01875 0.000749286 -3.271455e-05)
(0.01875 0.000999048 -4.36194e-05)
(0.01875 0.00124881 -5.452425e-05)
(0.01875 0.001498572 -6.54291e-05)
(0.01875 0.001748334 -7.633395e-05)
(0.01875 0.001998096 -8.72388e-05)
(0.01875 0.002247858 -9.814365e-05)
(0.01875 0.00249762 -0.0001090485)
(0.01875 0.002747382 -0.00011995335)
(0.01875 0.002997144 -0.0001308582)
(0.01875 0.003246906 -0.00014176305)
(0.01875 0.003496668 -0.0001526679)
(0.01875 0.00374643 -0.00016357275)
(0.01875 0.003996192 -0.0001744776)
(0.01875 0.004245954 -0.00018538245)
(0.01875 0.004495716 -0.0001962873)
(0.01875 0.004745478 -0.00020719215)
(0.01875 0.00499524 -0.000218097)
(0.01875 0.000249762 1.090485e-05)
(0.01875 0.000499524 2.18097e-05)
(0.01875 0.000749286 3.271455e-05)
(0.01875 0.000999048 4.36194e-05)
(0.01875 0.00124881 5.452425e-05)
(0.01875 0.001498572 6.54291e-05)
(0.01875 0.001748334 7.633395e-05)
(0.01875 0.001998096 8.72388e-05)
(0.01875 0.002247858 9.814365e-05)
(0.01875 0.00249762 0.0001090485)
(0.01875 0.002747382 0.00011995335)
(0.01875 0.002997144 0.0001308582)
(0.01875 0.003246906 0.00014176305)
(0.01875 0.003496668 0.0001526679)
(0.01875 0.00374643 0.00016357275)
(0.01875 0.003996192 0.0001744776)
(0.01875 0.004245954 0.00018538245)
(0.01875 0.004495716 0.0001962873)
(0.01875 0.004745478 0.00020719215)
(0.01875 0.00499524 0.000218097)
(0.019 0 0)
(0.019 0.000249762 -1.090485e-05)
(0.019 0.000499524 -2.18097e-05)
(0.019 0.000749286 -3.271455e-05)
(0.019 0.000999048 -4.36194e-05)
(0.019 0.00124881 -5.452425e-05)
(0.019 0.001498572 -6.54291e-05)
(0.019 0.001748334 -7.633395e-05)
(0.019 0.001998096 -8.72388e-05)
(0.019 0.002247858 -9.814365e-05)
(0.019 0.00249762 -0.0001090485)
(0.019 0.002747382 -0.00011995335)
(0.019 0.002997144 -0.0001308582)
(0.019 0.003246906 -0.00014176305)
(0.019 0.003496668 -0.0001526679)
(0.019 0.00374643 -0.00016357275)
(0.019 0.003996192 -0.0001744776)
(0.019 0.004245954 -0.00018538245)
(0.019 0.004495716 -0.0001962873)
(0.019 0.004745478 -0.00020719215)
(0.019 0.00499524 -0.000218097)
(0.019 0.000249762 1.090485e-05)
(0.019 0.000499524 2.18097e-05)
(0.019 0.000749286 3.271455e-05)
(0.019 0.000999048 4.36194e-05)
(0.019 0.00124881 5.452425e-05)
(0.019 0.001498572 6.54291e-05)
(0.019 0.001748334 7.633395e-05)
(0.019 0.001998096 8.72388e-05)
(0.019 0.002247858 9.814365e-05)
(0.019 0.00249762 0.0001090485)
(0.019 0.002747382 0.00011995335)
(0.019 0.002997144 0.0001308582)
(0.019 0.003246906 0.00014176305)
(0.019 0.003496668 0.0001526679)
(0.019 0.00374643 0.00016357275)
(0.019 0.003996192 0.0001744776)
(0.019 0.004245954 0.00018538245)
(0.019 0.004495716 0.0001962873)
(0.019 0.004745478 0.00020719215)
(0.019 0.00499524 0.000218097)
(0.01925 0 0)
(0.01925 0.000249762 -1.090485e-05)
(0.01925 0.000499524 -2.18097e-05)
(0.01925 0.000749286 -3.271455e-05)
(0.01925 0.000999048 -4.36194e-05)
(0.01925 0.00124881 -5.452425e-05)
(0.01925 0.001498572 -6.54291e-05)
(0.01925 0.001748334 -7.633395e-05)
(0.01925 0.001998096 -8.72388e-05)
(0.01925 0.002247858 -9.814365e-05)
(0.01925 0.00249762 -0.0001090485)
(0.01925 0.002747382 -0.00011995335)
(0.01925 0.002997144 -0.0001308582)
(0.01925 0.003246906 -0.00014176305)
(0.01925 0.003496668 -0.0001526679)
(0.01925 0.00374643 -0.00016357275)
(0.01925 0.003996192 -0.0001744776)
(0.01925 0.004245954 -0.00018538245)
(0.01925 0.004495716 -0.0001962873)
(0.01925 0.004745478 -0.00020719215)
(0.01925 0.00499524 -0.000218097)
(0.01925 0.000249762 1.090485e-05)
(0.01925 0.000499524 2.18097e-05)
(0.01925 0.000749286 3.271455e-05)
(0.01925 0.000999048 4.36194e-05)
(0.01925 0.00124881 5.452425e-05)
(0.01925 0.001498572 6.54291e-05)
(0.01925 0.001748334 7.633395e-05)
(0.01925 0.001998096 8.72388e-05)
(0.01925 0.002247858 9.814365e-05)
(0.01925 0.00249762 0.0001090485)
(0.01925 0.002747382 0.00011995335)
(0.01925 0.002997144 0.0001308582)
(0.01925 0.003246906 0.00014176305)
(0.01925 0.003496668 0.0001526679)
(0.01925 0.00374643 0.00016357275)
(0.01925 0.003996192 0.0001744776)
(0.01925 0.004245954 0.00018538245)
(0.01925 0.004495716 0.0001962873)
(0.01925 0.004745478 0.00020719215)
(0.01925 0.00499524 0.000218097)
(0.0195 0 0)
(0.0195 0.000249762 -1.090485e-05)
(0.0195 0.000499524 -2.18097e-05)
(0.0195 0.000749286 -3.271455e-05)
(0.0195 0.000999048 -4.36194e-05)
(0.0195 0.00124881 -5.452425e-05)
(0.0195 0.001498572 -6.54291e-05)
(0.0195 0.001748334 -7.633395e-05)
(0.0195 0.001998096 -8.72388e-05)
(0.0195 0.002247858 -9.814365e-05)
(0.0195 0.00249762 -0.0001090485)
(0.0195 0.002747382 -0.00011995335)
(0.0195 0.002997144 -0.0001308582)
(0.0195 0.003246906 -0.00014176305)
(0.0195 0.003496668 -0.0001526679)
(0.0195 0.00374643 -0.00016357275)
(0.0195 0.003996192 -0.0001744776)
(0.0195 0.004245954 -0.00018538245)
(0.0195 0.004495716 -0.0001962873)
(0.0195 0.004745478 -0.00020719215)
(0.0195 0.00499524 -0.000218097)
(0.0195 0.000249762 1.090485e-05)
(0.0195 0.000499524 2.18097e-05)
(0.0195 0.000749286 3.271455e-05)
(0.0195 0.000999048 4.36194e-05)
(0.0195 0.00124881 5.452425e-05)
(0.0195 0.001498572 6.54291e-05)
(0.0195 0.001748334 7.633395e-05)
(0.0195 0.001998096 8.72388e-05)
(0.0195 0.002247858 9.814365e-05)
(0.0195 0.00249762 0.0001090485)
(0.0195 0.002747382 0.00011995335)
(0.0195 0.002997144 0.0001308582)
(0.0195 0.003246906 0.00014176305)
(0.0195 0.003496668 0.0001526679)
(0.0195 0.00374643 0.00016357275)
(0.0195 0.003996192 0.0001744776)
(0.0195 0.004245954 0.00018538245)
(0.0195 0.004495716 0.0001962873)
(0.0195 0.004745478 0.00020719215)
(0.0195 0.00499524 0.000218097)
(0.01975 0 0)
(0.01975 0.000249762 -1.090485e-05)
(0.01975 0.000499524 -2.18097e-05)
(0.01975 0.000749286 -3.271455e-05)
(0.01975 0.000999048 -4.36194e-05)
(0.01975 0.00124881 -5.452425e-05)
(0.01975 0.001498572 -6.54291e-05)
(0.01975 0.001748334 -7.633395e-05)
(0.01975 0.001998096 -8.72388e-05)
(0.01975 0.002247858 -9.814365e-05)
(0.01975 0.00249762 -0.0001090485)
(0.01975 0.002747382 -0.00011995335)
(0.01975 0.002997144 -0.0001308582)
(0.01975 0.003246906 -0.00014176305)
(0.01975 0.003496668 -0.0001526679)
(0.01975 0.00374643 -0.00016357275)
(0.01975 0.003996192 -0.0001744776)
(0.01975 0.004245954 -0.00018538245)
(0.01975 0.004495716 -0.0001962873)
(0.01975 0.004745478 -0.00020719215)
(0.01975 0.00499524 -0.000218097)
(0.01975 0.000249762 1.090485e-05)
(0.01975 0.000499524 2.18097e-05)
(0.01975 0.000749286 3.271455e-05)
(0.01975 0.000999048 4.36194e-05)
(0.01975 0.00124881 5.452425e-05)
(0.01975 0.001498572 6.54291e-05)
(0.01975 0.001748334 7.633395e-05)
(0.01975 0.001998096 8.72388e-05)
(0.01975 0.002247858 9.814365e-05)
(0.01975 0.00249762 0.0001090485)
(0.01975 0.002747382 0.00011995335)
(0.01975 0.002997144 0.0001308582)
(0.01975 0.003246906 0.00014176305)
(0.01975 0.003496668 0.0001526679)
(0.01975 0.00374643 0.00016357275)
(0.01975 0.003996192 0.0001744776)
(0.01975 0.004245954 0.00018538245)
(0.01975 0.004495716 0.0001962873)
(0.01975 0.004745478 0.00020719215)
(0.01975 0.00499524 0.000218097)
(0.02 0 0)
(0.02 0.000249762 -1.090485e-05)
(0.02 0.000499524 -2.18097e-05)
(0.02 0.000749286 -3.271455e-05)
(0.02 0.000999048 -4.36194e-05)
(0.02 0.00124881 -5.452425e-05)
(0.02 0.001498572 -6.54291e-05)
(0.02 0.001748334 -7.633395e-05)
(0.02 0.001998096 -8.72388e-05)
(0.02 0.002247858 -9.814365e-05)
(0.02 0.00249762 -0.0001090485)
(0.02 0.002747382 -0.00011995335)
(0.02 0.002997144 -0.0001308582)
(0.02 0.003246906 -0.00014176305)
(0.02 0.003496668 -0.0001526679)
(0.02 0.00374643 -0.00016357275)
(0.02 0.003996192 -0.0001744776)
(0.02 0.004245954 -0.00018538245)
(0.02 0.004495716 -0.0001962873)
(0.02 0.004745478 -0.00020719215)
(0.02 0.00499524 -0.000218097)
(0.02 0.000249762 1.090485e-05)
(0.02 0.000499524 2.18097e-05)
(0.02 0.000749286 3.271455e-05)
(0.02 0.000999048 4.36194e-05)
(0.02 0.00124881 5.452425e-05)
(0.02 0.001498572 6.54291e-05)
(0.02 0.001748334 7.633395e-05)
(0.02 0.001998096 8.72388e-05)
(0.02 0.002247858 9.814365e-05)
(0.02 0.00249762 0.0001090485)
(0.02 0.002747382 0.00011995335)
(0.02 0.002997144 0.0001308582)
(0.02 0.003246906 0.00014176305)
(0.02 0.003496668 0.0001526679)
(0.02 0.00374643 0.00016357275)
(0.02 0.003996192 0.0001744776)
(0.02 0.004245954 0.00018538245)
(0.02 0.004495716 0.0001962873)
(0.02 0.004745478 0.00020719215)
(0.02 0.00499524 0.000218097)
)


// ************************************************************************* //
